<annotation>
	<folder>test_images</folder>
	<filename>00004.jpg</filename>
	<path>F:\mackathon\machathon-3\test_images\00004.jpg</path>
	<source>
		<database>Unknown</database>
	</source>
	<size>
		<width>197</width>
		<height>91</height>
		<depth>3</depth>
	</size>
	<segmented>0</segmented>
	<object>
		<name>ج</name>
		<pose>Unspecified</pose>
		<truncated>0</truncated>
		<difficult>0</difficult>
		<bndbox>
			<xmin>158</xmin>
			<ymin>37</ymin>
			<xmax>189</xmax>
			<ymax>72</ymax>
		</bndbox>
	</object>
	<object>
		<name>ب</name>
		<pose>Unspecified</pose>
		<truncated>0</truncated>
		<difficult>0</difficult>
		<bndbox>
			<xmin>129</xmin>
			<ymin>46</ymin>
			<xmax>156</xmax>
			<ymax>75</ymax>
		</bndbox>
	</object>
	<object>
		<name>ر</name>
		<pose>Unspecified</pose>
		<truncated>0</truncated>
		<difficult>0</difficult>
		<bndbox>
			<xmin>109</xmin>
			<ymin>45</ymin>
			<xmax>125</xmax>
			<ymax>77</ymax>
		</bndbox>
	</object>
	<object>
		<name>6</name>
		<pose>Unspecified</pose>
		<truncated>0</truncated>
		<difficult>0</difficult>
		<bndbox>
			<xmin>74</xmin>
			<ymin>40</ymin>
			<xmax>93</xmax>
			<ymax>79</ymax>
		</bndbox>
	</object>
	<object>
		<name>6</name>
		<pose>Unspecified</pose>
		<truncated>0</truncated>
		<difficult>0</difficult>
		<bndbox>
			<xmin>52</xmin>
			<ymin>42</ymin>
			<xmax>72</xmax>
			<ymax>80</ymax>
		</bndbox>
	</object>
	<object>
		<name>6</name>
		<pose>Unspecified</pose>
		<truncated>0</truncated>
		<difficult>0</difficult>
		<bndbox>
			<xmin>29</xmin>
			<ymin>42</ymin>
			<xmax>50</xmax>
			<ymax>82</ymax>
		</bndbox>
	</object>
	<object>
		<name>6</name>
		<pose>Unspecified</pose>
		<truncated>0</truncated>
		<difficult>0</difficult>
		<bndbox>
			<xmin>7</xmin>
			<ymin>43</ymin>
			<xmax>27</xmax>
			<ymax>84</ymax>
		</bndbox>
	</object>
</annotation>
