<annotation>
	<folder>test_images</folder>
	<filename>00009.jpg</filename>
	<path>F:\mackathon\machathon-3\test_images\00009.jpg</path>
	<source>
		<database>Unknown</database>
	</source>
	<size>
		<width>37</width>
		<height>20</height>
		<depth>3</depth>
	</size>
	<segmented>0</segmented>
	<object>
		<name>م</name>
		<pose>Unspecified</pose>
		<truncated>0</truncated>
		<difficult>0</difficult>
		<bndbox>
			<xmin>26</xmin>
			<ymin>10</ymin>
			<xmax>30</xmax>
			<ymax>16</ymax>
		</bndbox>
	</object>
	<object>
		<name>ر</name>
		<pose>Unspecified</pose>
		<truncated>0</truncated>
		<difficult>0</difficult>
		<bndbox>
			<xmin>21</xmin>
			<ymin>11</ymin>
			<xmax>26</xmax>
			<ymax>17</ymax>
		</bndbox>
	</object>
	<object>
		<name>8</name>
		<pose>Unspecified</pose>
		<truncated>0</truncated>
		<difficult>0</difficult>
		<bndbox>
			<xmin>6</xmin>
			<ymin>10</ymin>
			<xmax>11</xmax>
			<ymax>17</ymax>
		</bndbox>
	</object>
</annotation>
