<annotation>
	<folder>test_images</folder>
	<filename>00008.jpg</filename>
	<path>F:\mackathon\machathon-3\test_images\00008.jpg</path>
	<source>
		<database>Unknown</database>
	</source>
	<size>
		<width>207</width>
		<height>92</height>
		<depth>3</depth>
	</size>
	<segmented>0</segmented>
	<object>
		<name>ا</name>
		<pose>Unspecified</pose>
		<truncated>0</truncated>
		<difficult>0</difficult>
		<bndbox>
			<xmin>173</xmin>
			<ymin>41</ymin>
			<xmax>187</xmax>
			<ymax>79</ymax>
		</bndbox>
	</object>
	<object>
		<name>ن</name>
		<pose>Unspecified</pose>
		<truncated>0</truncated>
		<difficult>0</difficult>
		<bndbox>
			<xmin>140</xmin>
			<ymin>44</ymin>
			<xmax>167</xmax>
			<ymax>77</ymax>
		</bndbox>
	</object>
	<object>
		<name>ا</name>
		<pose>Unspecified</pose>
		<truncated>0</truncated>
		<difficult>0</difficult>
		<bndbox>
			<xmin>122</xmin>
			<ymin>43</ymin>
			<xmax>135</xmax>
			<ymax>78</ymax>
		</bndbox>
	</object>
	<object>
		<name>5</name>
		<pose>Unspecified</pose>
		<truncated>0</truncated>
		<difficult>0</difficult>
		<bndbox>
			<xmin>94</xmin>
			<ymin>46</ymin>
			<xmax>109</xmax>
			<ymax>75</ymax>
		</bndbox>
	</object>
	<object>
		<name>5</name>
		<pose>Unspecified</pose>
		<truncated>0</truncated>
		<difficult>0</difficult>
		<bndbox>
			<xmin>72</xmin>
			<ymin>47</ymin>
			<xmax>91</xmax>
			<ymax>73</ymax>
		</bndbox>
	</object>
	<object>
		<name>5</name>
		<pose>Unspecified</pose>
		<truncated>0</truncated>
		<difficult>0</difficult>
		<bndbox>
			<xmin>54</xmin>
			<ymin>46</ymin>
			<xmax>70</xmax>
			<ymax>73</ymax>
		</bndbox>
	</object>
	<object>
		<name>5</name>
		<pose>Unspecified</pose>
		<truncated>0</truncated>
		<difficult>0</difficult>
		<bndbox>
			<xmin>35</xmin>
			<ymin>45</ymin>
			<xmax>51</xmax>
			<ymax>73</ymax>
		</bndbox>
	</object>
</annotation>
