<annotation>
	<folder>test_images</folder>
	<filename>00018.jpg</filename>
	<path>F:\mackathon\machathon-3\test_images\00018.jpg</path>
	<source>
		<database>Unknown</database>
	</source>
	<size>
		<width>383</width>
		<height>191</height>
		<depth>3</depth>
	</size>
	<segmented>0</segmented>
	<object>
		<name>م</name>
		<pose>Unspecified</pose>
		<truncated>0</truncated>
		<difficult>0</difficult>
		<bndbox>
			<xmin>277</xmin>
			<ymin>94</ymin>
			<xmax>318</xmax>
			<ymax>165</ymax>
		</bndbox>
	</object>
	<object>
		<name>ا</name>
		<pose>Unspecified</pose>
		<truncated>0</truncated>
		<difficult>0</difficult>
		<bndbox>
			<xmin>231</xmin>
			<ymin>87</ymin>
			<xmax>261</xmax>
			<ymax>164</ymax>
		</bndbox>
	</object>
	<object>
		<name>2</name>
		<pose>Unspecified</pose>
		<truncated>0</truncated>
		<difficult>0</difficult>
		<bndbox>
			<xmin>137</xmin>
			<ymin>83</ymin>
			<xmax>174</xmax>
			<ymax>153</ymax>
		</bndbox>
	</object>
	<object>
		<name>2</name>
		<pose>Unspecified</pose>
		<truncated>0</truncated>
		<difficult>0</difficult>
		<bndbox>
			<xmin>98</xmin>
			<ymin>80</ymin>
			<xmax>134</xmax>
			<ymax>150</ymax>
		</bndbox>
	</object>
	<object>
		<name>2</name>
		<pose>Unspecified</pose>
		<truncated>0</truncated>
		<difficult>0</difficult>
		<bndbox>
			<xmin>57</xmin>
			<ymin>75</ymin>
			<xmax>93</xmax>
			<ymax>148</ymax>
		</bndbox>
	</object>
	<object>
		<name>2</name>
		<pose>Unspecified</pose>
		<truncated>0</truncated>
		<difficult>0</difficult>
		<bndbox>
			<xmin>15</xmin>
			<ymin>76</ymin>
			<xmax>52</xmax>
			<ymax>156</ymax>
		</bndbox>
	</object>
</annotation>
