<annotation>
	<folder>test_images</folder>
	<filename>00012.jpg</filename>
	<path>F:\mackathon\machathon-3\test_images\00012.jpg</path>
	<source>
		<database>Unknown</database>
	</source>
	<size>
		<width>251</width>
		<height>115</height>
		<depth>3</depth>
	</size>
	<segmented>0</segmented>
	<object>
		<name>د</name>
		<pose>Unspecified</pose>
		<truncated>0</truncated>
		<difficult>0</difficult>
		<bndbox>
			<xmin>212</xmin>
			<ymin>68</ymin>
			<xmax>236</xmax>
			<ymax>101</ymax>
		</bndbox>
	</object>
	<object>
		<name>ق</name>
		<pose>Unspecified</pose>
		<truncated>0</truncated>
		<difficult>0</difficult>
		<bndbox>
			<xmin>165</xmin>
			<ymin>59</ymin>
			<xmax>207</xmax>
			<ymax>105</ymax>
		</bndbox>
	</object>
	<object>
		<name>ن</name>
		<pose>Unspecified</pose>
		<truncated>0</truncated>
		<difficult>0</difficult>
		<bndbox>
			<xmin>131</xmin>
			<ymin>60</ymin>
			<xmax>163</xmax>
			<ymax>102</ymax>
		</bndbox>
	</object>
	<object>
		<name>1</name>
		<pose>Unspecified</pose>
		<truncated>0</truncated>
		<difficult>0</difficult>
		<bndbox>
			<xmin>26</xmin>
			<ymin>54</ymin>
			<xmax>46</xmax>
			<ymax>100</ymax>
		</bndbox>
	</object>
	<object>
		<name>3</name>
		<pose>Unspecified</pose>
		<truncated>0</truncated>
		<difficult>0</difficult>
		<bndbox>
			<xmin>48</xmin>
			<ymin>54</ymin>
			<xmax>78</xmax>
			<ymax>101</ymax>
		</bndbox>
	</object>
	<object>
		<name>3</name>
		<pose>Unspecified</pose>
		<truncated>0</truncated>
		<difficult>0</difficult>
		<bndbox>
			<xmin>79</xmin>
			<ymin>56</ymin>
			<xmax>108</xmax>
			<ymax>102</ymax>
		</bndbox>
	</object>
</annotation>
