<annotation>
	<folder>test_images</folder>
	<filename>00010.jpg</filename>
	<path>F:\mackathon\machathon-3\test_images\00010.jpg</path>
	<source>
		<database>Unknown</database>
	</source>
	<size>
		<width>116</width>
		<height>62</height>
		<depth>3</depth>
	</size>
	<segmented>0</segmented>
	<object>
		<name>ق</name>
		<pose>Unspecified</pose>
		<truncated>0</truncated>
		<difficult>0</difficult>
		<bndbox>
			<xmin>98</xmin>
			<ymin>30</ymin>
			<xmax>113</xmax>
			<ymax>55</ymax>
		</bndbox>
	</object>
	<object>
		<name>ل</name>
		<pose>Unspecified</pose>
		<truncated>0</truncated>
		<difficult>0</difficult>
		<bndbox>
			<xmin>80</xmin>
			<ymin>29</ymin>
			<xmax>95</xmax>
			<ymax>54</ymax>
		</bndbox>
	</object>
	<object>
		<name>ق</name>
		<pose>Unspecified</pose>
		<truncated>0</truncated>
		<difficult>0</difficult>
		<bndbox>
			<xmin>63</xmin>
			<ymin>30</ymin>
			<xmax>79</xmax>
			<ymax>52</ymax>
		</bndbox>
	</object>
	<object>
		<name>7</name>
		<pose>Unspecified</pose>
		<truncated>0</truncated>
		<difficult>0</difficult>
		<bndbox>
			<xmin>46</xmin>
			<ymin>29</ymin>
			<xmax>57</xmax>
			<ymax>51</ymax>
		</bndbox>
	</object>
	<object>
		<name>7</name>
		<pose>Unspecified</pose>
		<truncated>0</truncated>
		<difficult>0</difficult>
		<bndbox>
			<xmin>32</xmin>
			<ymin>29</ymin>
			<xmax>45</xmax>
			<ymax>52</ymax>
		</bndbox>
	</object>
	<object>
		<name>7</name>
		<pose>Unspecified</pose>
		<truncated>0</truncated>
		<difficult>0</difficult>
		<bndbox>
			<xmin>18</xmin>
			<ymin>28</ymin>
			<xmax>32</xmax>
			<ymax>51</ymax>
		</bndbox>
	</object>
	<object>
		<name>7</name>
		<pose>Unspecified</pose>
		<truncated>0</truncated>
		<difficult>0</difficult>
		<bndbox>
			<xmin>6</xmin>
			<ymin>29</ymin>
			<xmax>18</xmax>
			<ymax>53</ymax>
		</bndbox>
	</object>
</annotation>
