<annotation>
	<folder>test_images</folder>
	<filename>00029.jpg</filename>
	<path>F:\mackathon\machathon-3\test_images\00029.jpg</path>
	<source>
		<database>Unknown</database>
	</source>
	<size>
		<width>235</width>
		<height>115</height>
		<depth>3</depth>
	</size>
	<segmented>0</segmented>
	<object>
		<name>م</name>
		<pose>Unspecified</pose>
		<truncated>0</truncated>
		<difficult>0</difficult>
		<bndbox>
			<xmin>206</xmin>
			<ymin>53</ymin>
			<xmax>232</xmax>
			<ymax>103</ymax>
		</bndbox>
	</object>
	<object>
		<name>م</name>
		<pose>Unspecified</pose>
		<truncated>0</truncated>
		<difficult>0</difficult>
		<bndbox>
			<xmin>134</xmin>
			<ymin>56</ymin>
			<xmax>160</xmax>
			<ymax>106</ymax>
		</bndbox>
	</object>
	<object>
		<name>ا</name>
		<pose>Unspecified</pose>
		<truncated>0</truncated>
		<difficult>0</difficult>
		<bndbox>
			<xmin>171</xmin>
			<ymin>51</ymin>
			<xmax>191</xmax>
			<ymax>106</ymax>
		</bndbox>
	</object>
	<object>
		<name>1</name>
		<pose>Unspecified</pose>
		<truncated>0</truncated>
		<difficult>0</difficult>
		<bndbox>
			<xmin>94</xmin>
			<ymin>58</ymin>
			<xmax>114</xmax>
			<ymax>107</ymax>
		</bndbox>
	</object>
	<object>
		<name>1</name>
		<pose>Unspecified</pose>
		<truncated>0</truncated>
		<difficult>0</difficult>
		<bndbox>
			<xmin>64</xmin>
			<ymin>59</ymin>
			<xmax>84</xmax>
			<ymax>108</ymax>
		</bndbox>
	</object>
	<object>
		<name>1</name>
		<pose>Unspecified</pose>
		<truncated>0</truncated>
		<difficult>0</difficult>
		<bndbox>
			<xmin>38</xmin>
			<ymin>61</ymin>
			<xmax>58</xmax>
			<ymax>110</ymax>
		</bndbox>
	</object>
	<object>
		<name>1</name>
		<pose>Unspecified</pose>
		<truncated>0</truncated>
		<difficult>0</difficult>
		<bndbox>
			<xmin>12</xmin>
			<ymin>62</ymin>
			<xmax>32</xmax>
			<ymax>111</ymax>
		</bndbox>
	</object>
</annotation>
