<annotation>
	<folder>test_images</folder>
	<filename>00024.jpg</filename>
	<path>F:\mackathon\machathon-3\test_images\00024.jpg</path>
	<source>
		<database>Unknown</database>
	</source>
	<size>
		<width>305</width>
		<height>210</height>
		<depth>3</depth>
	</size>
	<segmented>0</segmented>
	<object>
		<name>ج</name>
		<pose>Unspecified</pose>
		<truncated>0</truncated>
		<difficult>0</difficult>
		<bndbox>
			<xmin>238</xmin>
			<ymin>87</ymin>
			<xmax>277</xmax>
			<ymax>133</ymax>
		</bndbox>
	</object>
	<object>
		<name>ب</name>
		<pose>Unspecified</pose>
		<truncated>0</truncated>
		<difficult>0</difficult>
		<bndbox>
			<xmin>211</xmin>
			<ymin>101</ymin>
			<xmax>244</xmax>
			<ymax>142</ymax>
		</bndbox>
	</object>
	<object>
		<name>ل</name>
		<pose>Unspecified</pose>
		<truncated>0</truncated>
		<difficult>0</difficult>
		<bndbox>
			<xmin>182</xmin>
			<ymin>99</ymin>
			<xmax>210</xmax>
			<ymax>149</ymax>
		</bndbox>
	</object>
	<object>
		<name>7</name>
		<pose>Unspecified</pose>
		<truncated>0</truncated>
		<difficult>0</difficult>
		<bndbox>
			<xmin>143</xmin>
			<ymin>103</ymin>
			<xmax>178</xmax>
			<ymax>154</ymax>
		</bndbox>
	</object>
	<object>
		<name>7</name>
		<pose>Unspecified</pose>
		<truncated>0</truncated>
		<difficult>0</difficult>
		<bndbox>
			<xmin>119</xmin>
			<ymin>108</ymin>
			<xmax>151</xmax>
			<ymax>159</ymax>
		</bndbox>
	</object>
	<object>
		<name>7</name>
		<pose>Unspecified</pose>
		<truncated>0</truncated>
		<difficult>0</difficult>
		<bndbox>
			<xmin>94</xmin>
			<ymin>113</ymin>
			<xmax>126</xmax>
			<ymax>164</ymax>
		</bndbox>
	</object>
	<object>
		<name>7</name>
		<pose>Unspecified</pose>
		<truncated>0</truncated>
		<difficult>0</difficult>
		<bndbox>
			<xmin>68</xmin>
			<ymin>118</ymin>
			<xmax>98</xmax>
			<ymax>169</ymax>
		</bndbox>
	</object>
</annotation>
