<annotation>
	<folder>test_images</folder>
	<filename>00026.jpg</filename>
	<path>F:\mackathon\machathon-3\test_images\00026.jpg</path>
	<source>
		<database>Unknown</database>
	</source>
	<size>
		<width>184</width>
		<height>93</height>
		<depth>3</depth>
	</size>
	<segmented>0</segmented>
	<object>
		<name>ع</name>
		<pose>Unspecified</pose>
		<truncated>0</truncated>
		<difficult>0</difficult>
		<bndbox>
			<xmin>146</xmin>
			<ymin>37</ymin>
			<xmax>168</xmax>
			<ymax>73</ymax>
		</bndbox>
	</object>
	<object>
		<name>ف</name>
		<pose>Unspecified</pose>
		<truncated>0</truncated>
		<difficult>0</difficult>
		<bndbox>
			<xmin>119</xmin>
			<ymin>36</ymin>
			<xmax>146</xmax>
			<ymax>74</ymax>
		</bndbox>
	</object>
	<object>
		<name>ف</name>
		<pose>Unspecified</pose>
		<truncated>0</truncated>
		<difficult>0</difficult>
		<bndbox>
			<xmin>91</xmin>
			<ymin>35</ymin>
			<xmax>118</xmax>
			<ymax>73</ymax>
		</bndbox>
	</object>
	<object>
		<name>1</name>
		<pose>Unspecified</pose>
		<truncated>0</truncated>
		<difficult>0</difficult>
		<bndbox>
			<xmin>43</xmin>
			<ymin>40</ymin>
			<xmax>61</xmax>
			<ymax>71</ymax>
		</bndbox>
	</object>
	<object>
		<name>1</name>
		<pose>Unspecified</pose>
		<truncated>0</truncated>
		<difficult>0</difficult>
		<bndbox>
			<xmin>64</xmin>
			<ymin>38</ymin>
			<xmax>76</xmax>
			<ymax>70</ymax>
		</bndbox>
	</object>
	<object>
		<name>1</name>
		<pose>Unspecified</pose>
		<truncated>0</truncated>
		<difficult>0</difficult>
		<bndbox>
			<xmin>21</xmin>
			<ymin>39</ymin>
			<xmax>39</xmax>
			<ymax>70</ymax>
		</bndbox>
	</object>
</annotation>
