<annotation>
	<folder>test_images</folder>
	<filename>00038.jpg</filename>
	<path>F:\mackathon\machathon-3\test_images\00038.jpg</path>
	<source>
		<database>Unknown</database>
	</source>
	<size>
		<width>256</width>
		<height>140</height>
		<depth>3</depth>
	</size>
	<segmented>0</segmented>
	<object>
		<name>ف</name>
		<pose>Unspecified</pose>
		<truncated>0</truncated>
		<difficult>0</difficult>
		<bndbox>
			<xmin>208</xmin>
			<ymin>57</ymin>
			<xmax>242</xmax>
			<ymax>100</ymax>
		</bndbox>
	</object>
	<object>
		<name>و</name>
		<pose>Unspecified</pose>
		<truncated>0</truncated>
		<difficult>0</difficult>
		<bndbox>
			<xmin>180</xmin>
			<ymin>63</ymin>
			<xmax>205</xmax>
			<ymax>102</ymax>
		</bndbox>
	</object>
	<object>
		<name>ج</name>
		<pose>Unspecified</pose>
		<truncated>0</truncated>
		<difficult>0</difficult>
		<bndbox>
			<xmin>142</xmin>
			<ymin>63</ymin>
			<xmax>176</xmax>
			<ymax>107</ymax>
		</bndbox>
	</object>
	<object>
		<name>5</name>
		<pose>Unspecified</pose>
		<truncated>0</truncated>
		<difficult>0</difficult>
		<bndbox>
			<xmin>93</xmin>
			<ymin>70</ymin>
			<xmax>124</xmax>
			<ymax>104</ymax>
		</bndbox>
	</object>
	<object>
		<name>9</name>
		<pose>Unspecified</pose>
		<truncated>0</truncated>
		<difficult>0</difficult>
		<bndbox>
			<xmin>65</xmin>
			<ymin>68</ymin>
			<xmax>97</xmax>
			<ymax>107</ymax>
		</bndbox>
	</object>
	<object>
		<name>2</name>
		<pose>Unspecified</pose>
		<truncated>0</truncated>
		<difficult>0</difficult>
		<bndbox>
			<xmin>39</xmin>
			<ymin>64</ymin>
			<xmax>67</xmax>
			<ymax>109</ymax>
		</bndbox>
	</object>
</annotation>
