<annotation>
	<folder>test_images</folder>
	<filename>00039.jpg</filename>
	<path>F:\mackathon\machathon-3\test_images\00039.jpg</path>
	<source>
		<database>Unknown</database>
	</source>
	<size>
		<width>386</width>
		<height>209</height>
		<depth>3</depth>
	</size>
	<segmented>0</segmented>
	<object>
		<name>ه</name>
		<pose>Unspecified</pose>
		<truncated>0</truncated>
		<difficult>0</difficult>
		<bndbox>
			<xmin>305</xmin>
			<ymin>118</ymin>
			<xmax>355</xmax>
			<ymax>173</ymax>
		</bndbox>
	</object>
	<object>
		<name>ق</name>
		<pose>Unspecified</pose>
		<truncated>0</truncated>
		<difficult>0</difficult>
		<bndbox>
			<xmin>245</xmin>
			<ymin>115</ymin>
			<xmax>302</xmax>
			<ymax>175</ymax>
		</bndbox>
	</object>
	<object>
		<name>م</name>
		<pose>Unspecified</pose>
		<truncated>0</truncated>
		<difficult>0</difficult>
		<bndbox>
			<xmin>202</xmin>
			<ymin>108</ymin>
			<xmax>241</xmax>
			<ymax>179</ymax>
		</bndbox>
	</object>
	<object>
		<name>5</name>
		<pose>Unspecified</pose>
		<truncated>0</truncated>
		<difficult>0</difficult>
		<bndbox>
			<xmin>146</xmin>
			<ymin>124</ymin>
			<xmax>186</xmax>
			<ymax>174</ymax>
		</bndbox>
	</object>
	<object>
		<name>5</name>
		<pose>Unspecified</pose>
		<truncated>0</truncated>
		<difficult>0</difficult>
		<bndbox>
			<xmin>103</xmin>
			<ymin>125</ymin>
			<xmax>143</xmax>
			<ymax>175</ymax>
		</bndbox>
	</object>
	<object>
		<name>5</name>
		<pose>Unspecified</pose>
		<truncated>0</truncated>
		<difficult>0</difficult>
		<bndbox>
			<xmin>62</xmin>
			<ymin>124</ymin>
			<xmax>102</xmax>
			<ymax>174</ymax>
		</bndbox>
	</object>
	<object>
		<name>5</name>
		<pose>Unspecified</pose>
		<truncated>0</truncated>
		<difficult>0</difficult>
		<bndbox>
			<xmin>24</xmin>
			<ymin>125</ymin>
			<xmax>64</xmax>
			<ymax>175</ymax>
		</bndbox>
	</object>
</annotation>
