<annotation>
	<folder>test_images</folder>
	<filename>00036.jpg</filename>
	<path>F:\mackathon\machathon-3\test_images\00036.jpg</path>
	<source>
		<database>Unknown</database>
	</source>
	<size>
		<width>255</width>
		<height>201</height>
		<depth>3</depth>
	</size>
	<segmented>0</segmented>
	<object>
		<name>ط</name>
		<pose>Unspecified</pose>
		<truncated>0</truncated>
		<difficult>0</difficult>
		<bndbox>
			<xmin>179</xmin>
			<ymin>88</ymin>
			<xmax>206</xmax>
			<ymax>128</ymax>
		</bndbox>
	</object>
	<object>
		<name>ه</name>
		<pose>Unspecified</pose>
		<truncated>0</truncated>
		<difficult>0</difficult>
		<bndbox>
			<xmin>141</xmin>
			<ymin>101</ymin>
			<xmax>175</xmax>
			<ymax>139</ymax>
		</bndbox>
	</object>
	<object>
		<name>2</name>
		<pose>Unspecified</pose>
		<truncated>0</truncated>
		<difficult>0</difficult>
		<bndbox>
			<xmin>58</xmin>
			<ymin>123</ymin>
			<xmax>86</xmax>
			<ymax>170</ymax>
		</bndbox>
	</object>
</annotation>
