<annotation>
	<folder>test_images</folder>
	<filename>00034.jpg</filename>
	<path>F:\mackathon\machathon-3\test_images\00034.jpg</path>
	<source>
		<database>Unknown</database>
	</source>
	<size>
		<width>197</width>
		<height>120</height>
		<depth>3</depth>
	</size>
	<segmented>0</segmented>
	<object>
		<name>و</name>
		<pose>Unspecified</pose>
		<truncated>0</truncated>
		<difficult>0</difficult>
		<bndbox>
			<xmin>150</xmin>
			<ymin>70</ymin>
			<xmax>177</xmax>
			<ymax>103</ymax>
		</bndbox>
	</object>
	<object>
		<name>س</name>
		<pose>Unspecified</pose>
		<truncated>0</truncated>
		<difficult>0</difficult>
		<bndbox>
			<xmin>117</xmin>
			<ymin>66</ymin>
			<xmax>149</xmax>
			<ymax>98</ymax>
		</bndbox>
	</object>
	<object>
		<name>1</name>
		<pose>Unspecified</pose>
		<truncated>0</truncated>
		<difficult>0</difficult>
		<bndbox>
			<xmin>57</xmin>
			<ymin>52</ymin>
			<xmax>76</xmax>
			<ymax>93</ymax>
		</bndbox>
	</object>
	<object>
		<name>1</name>
		<pose>Unspecified</pose>
		<truncated>0</truncated>
		<difficult>0</difficult>
		<bndbox>
			<xmin>37</xmin>
			<ymin>50</ymin>
			<xmax>56</xmax>
			<ymax>91</ymax>
		</bndbox>
	</object>
</annotation>
