<annotation>
	<folder>test_images</folder>
	<filename>00035.jpg</filename>
	<path>F:\mackathon\machathon-3\test_images\00035.jpg</path>
	<source>
		<database>Unknown</database>
	</source>
	<size>
		<width>311</width>
		<height>161</height>
		<depth>3</depth>
	</size>
	<segmented>0</segmented>
	<object>
		<name>م</name>
		<pose>Unspecified</pose>
		<truncated>0</truncated>
		<difficult>0</difficult>
		<bndbox>
			<xmin>232</xmin>
			<ymin>81</ymin>
			<xmax>264</xmax>
			<ymax>141</ymax>
		</bndbox>
	</object>
	<object>
		<name>ع</name>
		<pose>Unspecified</pose>
		<truncated>0</truncated>
		<difficult>0</difficult>
		<bndbox>
			<xmin>181</xmin>
			<ymin>77</ymin>
			<xmax>223</xmax>
			<ymax>138</ymax>
		</bndbox>
	</object>
	<object>
		<name>6</name>
		<pose>Unspecified</pose>
		<truncated>0</truncated>
		<difficult>0</difficult>
		<bndbox>
			<xmin>80</xmin>
			<ymin>73</ymin>
			<xmax>123</xmax>
			<ymax>135</ymax>
		</bndbox>
	</object>
	<object>
		<name>6</name>
		<pose>Unspecified</pose>
		<truncated>0</truncated>
		<difficult>0</difficult>
		<bndbox>
			<xmin>42</xmin>
			<ymin>72</ymin>
			<xmax>85</xmax>
			<ymax>134</ymax>
		</bndbox>
	</object>
</annotation>
