<annotation>
	<folder>test_images</folder>
	<filename>00048.jpg</filename>
	<path>F:\mackathon\machathon-3\test_images\00048.jpg</path>
	<source>
		<database>Unknown</database>
	</source>
	<size>
		<width>499</width>
		<height>324</height>
		<depth>3</depth>
	</size>
	<segmented>0</segmented>
	<object>
		<name>ا</name>
		<pose>Unspecified</pose>
		<truncated>0</truncated>
		<difficult>0</difficult>
		<bndbox>
			<xmin>381</xmin>
			<ymin>144</ymin>
			<xmax>425</xmax>
			<ymax>263</ymax>
		</bndbox>
	</object>
	<object>
		<name>م</name>
		<pose>Unspecified</pose>
		<truncated>0</truncated>
		<difficult>0</difficult>
		<bndbox>
			<xmin>297</xmin>
			<ymin>143</ymin>
			<xmax>364</xmax>
			<ymax>255</ymax>
		</bndbox>
	</object>
	<object>
		<name>1</name>
		<pose>Unspecified</pose>
		<truncated>0</truncated>
		<difficult>0</difficult>
		<bndbox>
			<xmin>111</xmin>
			<ymin>137</ymin>
			<xmax>160</xmax>
			<ymax>254</ymax>
		</bndbox>
	</object>
</annotation>
