<annotation>
	<folder>test_images</folder>
	<filename>00045.jpg</filename>
	<path>F:\mackathon\machathon-3\test_images\00045.jpg</path>
	<source>
		<database>Unknown</database>
	</source>
	<size>
		<width>547</width>
		<height>297</height>
		<depth>3</depth>
	</size>
	<segmented>0</segmented>
	<object>
		<name>و</name>
		<pose>Unspecified</pose>
		<truncated>0</truncated>
		<difficult>0</difficult>
		<bndbox>
			<xmin>375</xmin>
			<ymin>145</ymin>
			<xmax>443</xmax>
			<ymax>236</ymax>
		</bndbox>
	</object>
	<object>
		<name>ر</name>
		<pose>Unspecified</pose>
		<truncated>0</truncated>
		<difficult>0</difficult>
		<bndbox>
			<xmin>301</xmin>
			<ymin>150</ymin>
			<xmax>366</xmax>
			<ymax>227</ymax>
		</bndbox>
	</object>
	<object>
		<name>ق</name>
		<pose>Unspecified</pose>
		<truncated>0</truncated>
		<difficult>0</difficult>
		<bndbox>
			<xmin>229</xmin>
			<ymin>133</ymin>
			<xmax>299</xmax>
			<ymax>237</ymax>
		</bndbox>
	</object>
	<object>
		<name>6</name>
		<pose>Unspecified</pose>
		<truncated>0</truncated>
		<difficult>0</difficult>
		<bndbox>
			<xmin>151</xmin>
			<ymin>130</ymin>
			<xmax>208</xmax>
			<ymax>234</ymax>
		</bndbox>
	</object>
	<object>
		<name>6</name>
		<pose>Unspecified</pose>
		<truncated>0</truncated>
		<difficult>0</difficult>
		<bndbox>
			<xmin>81</xmin>
			<ymin>129</ymin>
			<xmax>138</xmax>
			<ymax>233</ymax>
		</bndbox>
	</object>
	<object>
		<name>6</name>
		<pose>Unspecified</pose>
		<truncated>0</truncated>
		<difficult>0</difficult>
		<bndbox>
			<xmin>9</xmin>
			<ymin>127</ymin>
			<xmax>66</xmax>
			<ymax>231</ymax>
		</bndbox>
	</object>
</annotation>
