<annotation>
	<folder>test_images</folder>
	<filename>00053.jpg</filename>
	<path>F:\mackathon\machathon-3\test_images\00053.jpg</path>
	<source>
		<database>Unknown</database>
	</source>
	<size>
		<width>113</width>
		<height>62</height>
		<depth>3</depth>
	</size>
	<segmented>0</segmented>
	<object>
		<name>ع</name>
		<pose>Unspecified</pose>
		<truncated>0</truncated>
		<difficult>0</difficult>
		<bndbox>
			<xmin>88</xmin>
			<ymin>35</ymin>
			<xmax>103</xmax>
			<ymax>59</ymax>
		</bndbox>
	</object>
	<object>
		<name>ل</name>
		<pose>Unspecified</pose>
		<truncated>0</truncated>
		<difficult>0</difficult>
		<bndbox>
			<xmin>72</xmin>
			<ymin>34</ymin>
			<xmax>89</xmax>
			<ymax>56</ymax>
		</bndbox>
	</object>
	<object>
		<name>ي</name>
		<pose>Unspecified</pose>
		<truncated>0</truncated>
		<difficult>0</difficult>
		<bndbox>
			<xmin>56</xmin>
			<ymin>31</ymin>
			<xmax>72</xmax>
			<ymax>53</ymax>
		</bndbox>
	</object>
	<object>
		<name>9</name>
		<pose>Unspecified</pose>
		<truncated>0</truncated>
		<difficult>0</difficult>
		<bndbox>
			<xmin>24</xmin>
			<ymin>26</ymin>
			<xmax>39</xmax>
			<ymax>49</ymax>
		</bndbox>
	</object>
</annotation>
