<annotation>
	<folder>test_images</folder>
	<filename>00052.jpg</filename>
	<path>F:\mackathon\machathon-3\test_images\00052.jpg</path>
	<source>
		<database>Unknown</database>
	</source>
	<size>
		<width>75</width>
		<height>59</height>
		<depth>3</depth>
	</size>
	<segmented>0</segmented>
	<object>
		<name>ق</name>
		<pose>Unspecified</pose>
		<truncated>0</truncated>
		<difficult>0</difficult>
		<bndbox>
			<xmin>59</xmin>
			<ymin>26</ymin>
			<xmax>72</xmax>
			<ymax>45</ymax>
		</bndbox>
	</object>
	<object>
		<name>م</name>
		<pose>Unspecified</pose>
		<truncated>0</truncated>
		<difficult>0</difficult>
		<bndbox>
			<xmin>48</xmin>
			<ymin>28</ymin>
			<xmax>59</xmax>
			<ymax>46</ymax>
		</bndbox>
	</object>
	<object>
		<name>ر</name>
		<pose>Unspecified</pose>
		<truncated>0</truncated>
		<difficult>0</difficult>
		<bndbox>
			<xmin>38</xmin>
			<ymin>30</ymin>
			<xmax>48</xmax>
			<ymax>44</ymax>
		</bndbox>
	</object>
	<object>
		<name>5</name>
		<pose>Unspecified</pose>
		<truncated>0</truncated>
		<difficult>0</difficult>
		<bndbox>
			<xmin>25</xmin>
			<ymin>28</ymin>
			<xmax>35</xmax>
			<ymax>42</ymax>
		</bndbox>
	</object>
	<object>
		<name>5</name>
		<pose>Unspecified</pose>
		<truncated>0</truncated>
		<difficult>0</difficult>
		<bndbox>
			<xmin>17</xmin>
			<ymin>29</ymin>
			<xmax>26</xmax>
			<ymax>43</ymax>
		</bndbox>
	</object>
	<object>
		<name>5</name>
		<pose>Unspecified</pose>
		<truncated>0</truncated>
		<difficult>0</difficult>
		<bndbox>
			<xmin>7</xmin>
			<ymin>29</ymin>
			<xmax>17</xmax>
			<ymax>42</ymax>
		</bndbox>
	</object>
	<object>
		<name>5</name>
		<pose>Unspecified</pose>
		<truncated>1</truncated>
		<difficult>0</difficult>
		<bndbox>
			<xmin>1</xmin>
			<ymin>29</ymin>
			<xmax>8</xmax>
			<ymax>42</ymax>
		</bndbox>
	</object>
</annotation>
