<annotation>
	<folder>test_images</folder>
	<filename>00055.jpg</filename>
	<path>F:\mackathon\machathon-3\test_images\00055.jpg</path>
	<source>
		<database>Unknown</database>
	</source>
	<size>
		<width>83</width>
		<height>41</height>
		<depth>3</depth>
	</size>
	<segmented>0</segmented>
	<object>
		<name>ب</name>
		<pose>Unspecified</pose>
		<truncated>0</truncated>
		<difficult>0</difficult>
		<bndbox>
			<xmin>63</xmin>
			<ymin>19</ymin>
			<xmax>76</xmax>
			<ymax>33</ymax>
		</bndbox>
	</object>
	<object>
		<name>د</name>
		<pose>Unspecified</pose>
		<truncated>0</truncated>
		<difficult>0</difficult>
		<bndbox>
			<xmin>54</xmin>
			<ymin>19</ymin>
			<xmax>62</xmax>
			<ymax>32</ymax>
		</bndbox>
	</object>
	<object>
		<name>ر</name>
		<pose>Unspecified</pose>
		<truncated>0</truncated>
		<difficult>0</difficult>
		<bndbox>
			<xmin>42</xmin>
			<ymin>20</ymin>
			<xmax>52</xmax>
			<ymax>32</ymax>
		</bndbox>
	</object>
	<object>
		<name>1</name>
		<pose>Unspecified</pose>
		<truncated>0</truncated>
		<difficult>0</difficult>
		<bndbox>
			<xmin>16</xmin>
			<ymin>16</ymin>
			<xmax>26</xmax>
			<ymax>33</ymax>
		</bndbox>
	</object>
</annotation>
