<annotation>
	<folder>test_images</folder>
	<filename>00065.jpg</filename>
	<path>F:\mackathon\machathon-3\test_images\00065.jpg</path>
	<source>
		<database>Unknown</database>
	</source>
	<size>
		<width>186</width>
		<height>116</height>
		<depth>3</depth>
	</size>
	<segmented>0</segmented>
	<object>
		<name>ص</name>
		<pose>Unspecified</pose>
		<truncated>0</truncated>
		<difficult>0</difficult>
		<bndbox>
			<xmin>138</xmin>
			<ymin>54</ymin>
			<xmax>166</xmax>
			<ymax>84</ymax>
		</bndbox>
	</object>
	<object>
		<name>ع</name>
		<pose>Unspecified</pose>
		<truncated>0</truncated>
		<difficult>0</difficult>
		<bndbox>
			<xmin>113</xmin>
			<ymin>47</ymin>
			<xmax>139</xmax>
			<ymax>89</ymax>
		</bndbox>
	</object>
	<object>
		<name>1</name>
		<pose>Unspecified</pose>
		<truncated>0</truncated>
		<difficult>0</difficult>
		<bndbox>
			<xmin>42</xmin>
			<ymin>48</ymin>
			<xmax>61</xmax>
			<ymax>89</ymax>
		</bndbox>
	</object>
</annotation>
