<annotation>
	<folder>test_images</folder>
	<filename>00064.jpg</filename>
	<path>F:\mackathon\machathon-3\test_images\00064.jpg</path>
	<source>
		<database>Unknown</database>
	</source>
	<size>
		<width>254</width>
		<height>207</height>
		<depth>3</depth>
	</size>
	<segmented>0</segmented>
	<object>
		<name>م</name>
		<pose>Unspecified</pose>
		<truncated>0</truncated>
		<difficult>0</difficult>
		<bndbox>
			<xmin>147</xmin>
			<ymin>93</ymin>
			<xmax>170</xmax>
			<ymax>137</ymax>
		</bndbox>
	</object>
	<object>
		<name>و</name>
		<pose>Unspecified</pose>
		<truncated>0</truncated>
		<difficult>0</difficult>
		<bndbox>
			<xmin>121</xmin>
			<ymin>93</ymin>
			<xmax>144</xmax>
			<ymax>133</ymax>
		</bndbox>
	</object>
	<object>
		<name>و</name>
		<pose>Unspecified</pose>
		<truncated>0</truncated>
		<difficult>0</difficult>
		<bndbox>
			<xmin>95</xmin>
			<ymin>92</ymin>
			<xmax>118</xmax>
			<ymax>132</ymax>
		</bndbox>
	</object>
	<object>
		<name>9</name>
		<pose>Unspecified</pose>
		<truncated>0</truncated>
		<difficult>0</difficult>
		<bndbox>
			<xmin>67</xmin>
			<ymin>87</ymin>
			<xmax>85</xmax>
			<ymax>130</ymax>
		</bndbox>
	</object>
	<object>
		<name>9</name>
		<pose>Unspecified</pose>
		<truncated>0</truncated>
		<difficult>0</difficult>
		<bndbox>
			<xmin>50</xmin>
			<ymin>85</ymin>
			<xmax>68</xmax>
			<ymax>128</ymax>
		</bndbox>
	</object>
	<object>
		<name>9</name>
		<pose>Unspecified</pose>
		<truncated>0</truncated>
		<difficult>0</difficult>
		<bndbox>
			<xmin>31</xmin>
			<ymin>84</ymin>
			<xmax>49</xmax>
			<ymax>127</ymax>
		</bndbox>
	</object>
	<object>
		<name>9</name>
		<pose>Unspecified</pose>
		<truncated>0</truncated>
		<difficult>0</difficult>
		<bndbox>
			<xmin>12</xmin>
			<ymin>83</ymin>
			<xmax>30</xmax>
			<ymax>126</ymax>
		</bndbox>
	</object>
</annotation>
