<annotation>
	<folder>test_images</folder>
	<filename>00069.jpg</filename>
	<path>F:\mackathon\machathon-3\test_images\00069.jpg</path>
	<source>
		<database>Unknown</database>
	</source>
	<size>
		<width>311</width>
		<height>189</height>
		<depth>3</depth>
	</size>
	<segmented>0</segmented>
	<object>
		<name>س</name>
		<pose>Unspecified</pose>
		<truncated>0</truncated>
		<difficult>0</difficult>
		<bndbox>
			<xmin>231</xmin>
			<ymin>85</ymin>
			<xmax>273</xmax>
			<ymax>129</ymax>
		</bndbox>
	</object>
	<object>
		<name>س</name>
		<pose>Unspecified</pose>
		<truncated>0</truncated>
		<difficult>0</difficult>
		<bndbox>
			<xmin>187</xmin>
			<ymin>83</ymin>
			<xmax>229</xmax>
			<ymax>132</ymax>
		</bndbox>
	</object>
	<object>
		<name>ي</name>
		<pose>Unspecified</pose>
		<truncated>0</truncated>
		<difficult>0</difficult>
		<bndbox>
			<xmin>142</xmin>
			<ymin>84</ymin>
			<xmax>185</xmax>
			<ymax>132</ymax>
		</bndbox>
	</object>
	<object>
		<name>4</name>
		<pose>Unspecified</pose>
		<truncated>0</truncated>
		<difficult>0</difficult>
		<bndbox>
			<xmin>103</xmin>
			<ymin>76</ymin>
			<xmax>134</xmax>
			<ymax>136</ymax>
		</bndbox>
	</object>
	<object>
		<name>4</name>
		<pose>Unspecified</pose>
		<truncated>0</truncated>
		<difficult>0</difficult>
		<bndbox>
			<xmin>67</xmin>
			<ymin>77</ymin>
			<xmax>98</xmax>
			<ymax>137</ymax>
		</bndbox>
	</object>
	<object>
		<name>4</name>
		<pose>Unspecified</pose>
		<truncated>0</truncated>
		<difficult>0</difficult>
		<bndbox>
			<xmin>36</xmin>
			<ymin>76</ymin>
			<xmax>67</xmax>
			<ymax>136</ymax>
		</bndbox>
	</object>
	<object>
		<name>4</name>
		<pose>Unspecified</pose>
		<truncated>0</truncated>
		<difficult>0</difficult>
		<bndbox>
			<xmin>5</xmin>
			<ymin>76</ymin>
			<xmax>36</xmax>
			<ymax>136</ymax>
		</bndbox>
	</object>
</annotation>
