<annotation>
	<folder>test_images</folder>
	<filename>00063.jpg</filename>
	<path>F:\mackathon\machathon-3\test_images\00063.jpg</path>
	<source>
		<database>Unknown</database>
	</source>
	<size>
		<width>411</width>
		<height>210</height>
		<depth>3</depth>
	</size>
	<segmented>0</segmented>
	<object>
		<name>ط</name>
		<pose>Unspecified</pose>
		<truncated>0</truncated>
		<difficult>0</difficult>
		<bndbox>
			<xmin>341</xmin>
			<ymin>102</ymin>
			<xmax>397</xmax>
			<ymax>178</ymax>
		</bndbox>
	</object>
	<object>
		<name>ي</name>
		<pose>Unspecified</pose>
		<truncated>0</truncated>
		<difficult>0</difficult>
		<bndbox>
			<xmin>278</xmin>
			<ymin>102</ymin>
			<xmax>336</xmax>
			<ymax>174</ymax>
		</bndbox>
	</object>
	<object>
		<name>ب</name>
		<pose>Unspecified</pose>
		<truncated>0</truncated>
		<difficult>0</difficult>
		<bndbox>
			<xmin>217</xmin>
			<ymin>101</ymin>
			<xmax>277</xmax>
			<ymax>184</ymax>
		</bndbox>
	</object>
	<object>
		<name>1</name>
		<pose>Unspecified</pose>
		<truncated>0</truncated>
		<difficult>0</difficult>
		<bndbox>
			<xmin>159</xmin>
			<ymin>86</ymin>
			<xmax>194</xmax>
			<ymax>180</ymax>
		</bndbox>
	</object>
	<object>
		<name>1</name>
		<pose>Unspecified</pose>
		<truncated>0</truncated>
		<difficult>0</difficult>
		<bndbox>
			<xmin>109</xmin>
			<ymin>84</ymin>
			<xmax>144</xmax>
			<ymax>178</ymax>
		</bndbox>
	</object>
	<object>
		<name>1</name>
		<pose>Unspecified</pose>
		<truncated>0</truncated>
		<difficult>0</difficult>
		<bndbox>
			<xmin>66</xmin>
			<ymin>85</ymin>
			<xmax>101</xmax>
			<ymax>179</ymax>
		</bndbox>
	</object>
	<object>
		<name>1</name>
		<pose>Unspecified</pose>
		<truncated>0</truncated>
		<difficult>0</difficult>
		<bndbox>
			<xmin>19</xmin>
			<ymin>81</ymin>
			<xmax>54</xmax>
			<ymax>175</ymax>
		</bndbox>
	</object>
</annotation>
