<annotation>
	<folder>test_images</folder>
	<filename>00060.jpg</filename>
	<path>F:\mackathon\machathon-3\test_images\00060.jpg</path>
	<source>
		<database>Unknown</database>
	</source>
	<size>
		<width>104</width>
		<height>61</height>
		<depth>3</depth>
	</size>
	<segmented>0</segmented>
	<object>
		<name>ع</name>
		<pose>Unspecified</pose>
		<truncated>0</truncated>
		<difficult>0</difficult>
		<bndbox>
			<xmin>87</xmin>
			<ymin>31</ymin>
			<xmax>101</xmax>
			<ymax>55</ymax>
		</bndbox>
	</object>
	<object>
		<name>س</name>
		<pose>Unspecified</pose>
		<truncated>0</truncated>
		<difficult>0</difficult>
		<bndbox>
			<xmin>70</xmin>
			<ymin>32</ymin>
			<xmax>86</xmax>
			<ymax>50</ymax>
		</bndbox>
	</object>
	<object>
		<name>ل</name>
		<pose>Unspecified</pose>
		<truncated>0</truncated>
		<difficult>0</difficult>
		<bndbox>
			<xmin>56</xmin>
			<ymin>29</ymin>
			<xmax>69</xmax>
			<ymax>51</ymax>
		</bndbox>
	</object>
	<object>
		<name>1</name>
		<pose>Unspecified</pose>
		<truncated>0</truncated>
		<difficult>0</difficult>
		<bndbox>
			<xmin>29</xmin>
			<ymin>30</ymin>
			<xmax>41</xmax>
			<ymax>50</ymax>
		</bndbox>
	</object>
	<object>
		<name>1</name>
		<pose>Unspecified</pose>
		<truncated>0</truncated>
		<difficult>0</difficult>
		<bndbox>
			<xmin>37</xmin>
			<ymin>26</ymin>
			<xmax>45</xmax>
			<ymax>47</ymax>
		</bndbox>
	</object>
	<object>
		<name>1</name>
		<pose>Unspecified</pose>
		<truncated>0</truncated>
		<difficult>0</difficult>
		<bndbox>
			<xmin>18</xmin>
			<ymin>27</ymin>
			<xmax>27</xmax>
			<ymax>52</ymax>
		</bndbox>
	</object>
	<object>
		<name>1</name>
		<pose>Unspecified</pose>
		<truncated>0</truncated>
		<difficult>0</difficult>
		<bndbox>
			<xmin>6</xmin>
			<ymin>29</ymin>
			<xmax>14</xmax>
			<ymax>53</ymax>
		</bndbox>
	</object>
</annotation>
