<annotation>
	<folder>test_images</folder>
	<filename>00075.jpg</filename>
	<path>F:\mackathon\machathon-3\test_images\00075.jpg</path>
	<source>
		<database>Unknown</database>
	</source>
	<size>
		<width>279</width>
		<height>153</height>
		<depth>3</depth>
	</size>
	<segmented>0</segmented>
	<object>
		<name>ط</name>
		<pose>Unspecified</pose>
		<truncated>0</truncated>
		<difficult>0</difficult>
		<bndbox>
			<xmin>223</xmin>
			<ymin>77</ymin>
			<xmax>264</xmax>
			<ymax>132</ymax>
		</bndbox>
	</object>
	<object>
		<name>ر</name>
		<pose>Unspecified</pose>
		<truncated>0</truncated>
		<difficult>0</difficult>
		<bndbox>
			<xmin>183</xmin>
			<ymin>85</ymin>
			<xmax>219</xmax>
			<ymax>133</ymax>
		</bndbox>
	</object>
	<object>
		<name>ق</name>
		<pose>Unspecified</pose>
		<truncated>0</truncated>
		<difficult>0</difficult>
		<bndbox>
			<xmin>138</xmin>
			<ymin>67</ymin>
			<xmax>182</xmax>
			<ymax>132</ymax>
		</bndbox>
	</object>
	<object>
		<name>1</name>
		<pose>Unspecified</pose>
		<truncated>0</truncated>
		<difficult>0</difficult>
		<bndbox>
			<xmin>55</xmin>
			<ymin>64</ymin>
			<xmax>81</xmax>
			<ymax>127</ymax>
		</bndbox>
	</object>
</annotation>
