<annotation>
	<folder>test_images</folder>
	<filename>00071.jpg</filename>
	<path>F:\mackathon\machathon-3\test_images\00071.jpg</path>
	<source>
		<database>Unknown</database>
	</source>
	<size>
		<width>459</width>
		<height>178</height>
		<depth>3</depth>
	</size>
	<segmented>0</segmented>
	<object>
		<name>ن</name>
		<pose>Unspecified</pose>
		<truncated>0</truncated>
		<difficult>0</difficult>
		<bndbox>
			<xmin>350</xmin>
			<ymin>104</ymin>
			<xmax>396</xmax>
			<ymax>171</ymax>
		</bndbox>
	</object>
	<object>
		<name>ج</name>
		<pose>Unspecified</pose>
		<truncated>0</truncated>
		<difficult>0</difficult>
		<bndbox>
			<xmin>290</xmin>
			<ymin>105</ymin>
			<xmax>344</xmax>
			<ymax>173</ymax>
		</bndbox>
	</object>
	<object>
		<name>م</name>
		<pose>Unspecified</pose>
		<truncated>0</truncated>
		<difficult>0</difficult>
		<bndbox>
			<xmin>243</xmin>
			<ymin>105</ymin>
			<xmax>281</xmax>
			<ymax>174</ymax>
		</bndbox>
	</object>
	<object>
		<name>5</name>
		<pose>Unspecified</pose>
		<truncated>0</truncated>
		<difficult>0</difficult>
		<bndbox>
			<xmin>165</xmin>
			<ymin>109</ymin>
			<xmax>202</xmax>
			<ymax>173</ymax>
		</bndbox>
	</object>
	<object>
		<name>3</name>
		<pose>Unspecified</pose>
		<truncated>0</truncated>
		<difficult>0</difficult>
		<bndbox>
			<xmin>117</xmin>
			<ymin>106</ymin>
			<xmax>162</xmax>
			<ymax>174</ymax>
		</bndbox>
	</object>
	<object>
		<name>5</name>
		<pose>Unspecified</pose>
		<truncated>0</truncated>
		<difficult>0</difficult>
		<bndbox>
			<xmin>83</xmin>
			<ymin>110</ymin>
			<xmax>120</xmax>
			<ymax>174</ymax>
		</bndbox>
	</object>
</annotation>
