<annotation>
	<folder>test_images</folder>
	<filename>00074.jpg</filename>
	<path>F:\mackathon\machathon-3\test_images\00074.jpg</path>
	<source>
		<database>Unknown</database>
	</source>
	<size>
		<width>193</width>
		<height>86</height>
		<depth>3</depth>
	</size>
	<segmented>0</segmented>
	<object>
		<name>ا</name>
		<pose>Unspecified</pose>
		<truncated>0</truncated>
		<difficult>0</difficult>
		<bndbox>
			<xmin>121</xmin>
			<ymin>40</ymin>
			<xmax>143</xmax>
			<ymax>74</ymax>
		</bndbox>
	</object>
	<object>
		<name>9</name>
		<pose>Unspecified</pose>
		<truncated>0</truncated>
		<difficult>0</difficult>
		<bndbox>
			<xmin>43</xmin>
			<ymin>41</ymin>
			<xmax>68</xmax>
			<ymax>73</ymax>
		</bndbox>
	</object>
</annotation>
