<annotation>
	<folder>test_images</folder>
	<filename>00087.jpg</filename>
	<path>F:\mackathon\machathon-3\test_images\00087.jpg</path>
	<source>
		<database>Unknown</database>
	</source>
	<size>
		<width>210</width>
		<height>82</height>
		<depth>3</depth>
	</size>
	<segmented>0</segmented>
	<object>
		<name>ا</name>
		<pose>Unspecified</pose>
		<truncated>0</truncated>
		<difficult>0</difficult>
		<bndbox>
			<xmin>143</xmin>
			<ymin>23</ymin>
			<xmax>176</xmax>
			<ymax>65</ymax>
		</bndbox>
	</object>
	<object>
		<name>ط</name>
		<pose>Unspecified</pose>
		<truncated>0</truncated>
		<difficult>0</difficult>
		<bndbox>
			<xmin>118</xmin>
			<ymin>23</ymin>
			<xmax>150</xmax>
			<ymax>61</ymax>
		</bndbox>
	</object>
	<object>
		<name>1</name>
		<pose>Unspecified</pose>
		<truncated>0</truncated>
		<difficult>0</difficult>
		<bndbox>
			<xmin>45</xmin>
			<ymin>25</ymin>
			<xmax>82</xmax>
			<ymax>65</ymax>
		</bndbox>
	</object>
</annotation>
