<annotation>
	<folder>test_images</folder>
	<filename>00088.jpg</filename>
	<path>F:\mackathon\machathon-3\test_images\00088.jpg</path>
	<source>
		<database>Unknown</database>
	</source>
	<size>
		<width>252</width>
		<height>123</height>
		<depth>3</depth>
	</size>
	<segmented>0</segmented>
	<object>
		<name>ع</name>
		<pose>Unspecified</pose>
		<truncated>0</truncated>
		<difficult>0</difficult>
		<bndbox>
			<xmin>183</xmin>
			<ymin>56</ymin>
			<xmax>218</xmax>
			<ymax>105</ymax>
		</bndbox>
	</object>
	<object>
		<name>و</name>
		<pose>Unspecified</pose>
		<truncated>0</truncated>
		<difficult>0</difficult>
		<bndbox>
			<xmin>142</xmin>
			<ymin>59</ymin>
			<xmax>179</xmax>
			<ymax>99</ymax>
		</bndbox>
	</object>
	<object>
		<name>1</name>
		<pose>Unspecified</pose>
		<truncated>0</truncated>
		<difficult>0</difficult>
		<bndbox>
			<xmin>98</xmin>
			<ymin>55</ymin>
			<xmax>118</xmax>
			<ymax>101</ymax>
		</bndbox>
	</object>
	<object>
		<name>1</name>
		<pose>Unspecified</pose>
		<truncated>0</truncated>
		<difficult>0</difficult>
		<bndbox>
			<xmin>72</xmin>
			<ymin>54</ymin>
			<xmax>92</xmax>
			<ymax>100</ymax>
		</bndbox>
	</object>
	<object>
		<name>1</name>
		<pose>Unspecified</pose>
		<truncated>0</truncated>
		<difficult>0</difficult>
		<bndbox>
			<xmin>47</xmin>
			<ymin>56</ymin>
			<xmax>67</xmax>
			<ymax>102</ymax>
		</bndbox>
	</object>
	<object>
		<name>1</name>
		<pose>Unspecified</pose>
		<truncated>0</truncated>
		<difficult>0</difficult>
		<bndbox>
			<xmin>21</xmin>
			<ymin>55</ymin>
			<xmax>41</xmax>
			<ymax>101</ymax>
		</bndbox>
	</object>
</annotation>
