<annotation>
	<folder>test_images</folder>
	<filename>00080.jpg</filename>
	<path>F:\mackathon\machathon-3\test_images\00080.jpg</path>
	<source>
		<database>Unknown</database>
	</source>
	<size>
		<width>162</width>
		<height>87</height>
		<depth>3</depth>
	</size>
	<segmented>0</segmented>
	<object>
		<name>ي</name>
		<pose>Unspecified</pose>
		<truncated>0</truncated>
		<difficult>0</difficult>
		<bndbox>
			<xmin>113</xmin>
			<ymin>41</ymin>
			<xmax>146</xmax>
			<ymax>69</ymax>
		</bndbox>
	</object>
	<object>
		<name>ا</name>
		<pose>Unspecified</pose>
		<truncated>0</truncated>
		<difficult>0</difficult>
		<bndbox>
			<xmin>99</xmin>
			<ymin>39</ymin>
			<xmax>111</xmax>
			<ymax>71</ymax>
		</bndbox>
	</object>
	<object>
		<name>1</name>
		<pose>Unspecified</pose>
		<truncated>0</truncated>
		<difficult>0</difficult>
		<bndbox>
			<xmin>34</xmin>
			<ymin>44</ymin>
			<xmax>48</xmax>
			<ymax>75</ymax>
		</bndbox>
	</object>
</annotation>
