<annotation>
	<folder>test_images</folder>
	<filename>00083.jpg</filename>
	<path>F:\mackathon\machathon-3\test_images\00083.jpg</path>
	<source>
		<database>Unknown</database>
	</source>
	<size>
		<width>107</width>
		<height>62</height>
		<depth>3</depth>
	</size>
	<segmented>0</segmented>
	<object>
		<name>د</name>
		<pose>Unspecified</pose>
		<truncated>0</truncated>
		<difficult>0</difficult>
		<bndbox>
			<xmin>81</xmin>
			<ymin>32</ymin>
			<xmax>94</xmax>
			<ymax>50</ymax>
		</bndbox>
	</object>
	<object>
		<name>م</name>
		<pose>Unspecified</pose>
		<truncated>0</truncated>
		<difficult>0</difficult>
		<bndbox>
			<xmin>67</xmin>
			<ymin>30</ymin>
			<xmax>79</xmax>
			<ymax>51</ymax>
		</bndbox>
	</object>
	<object>
		<name>1</name>
		<pose>Unspecified</pose>
		<truncated>0</truncated>
		<difficult>0</difficult>
		<bndbox>
			<xmin>31</xmin>
			<ymin>27</ymin>
			<xmax>43</xmax>
			<ymax>48</ymax>
		</bndbox>
	</object>
</annotation>
