<annotation>
	<folder>test_images</folder>
	<filename>00086.jpg</filename>
	<path>F:\mackathon\machathon-3\test_images\00086.jpg</path>
	<source>
		<database>Unknown</database>
	</source>
	<size>
		<width>259</width>
		<height>256</height>
		<depth>3</depth>
	</size>
	<segmented>0</segmented>
	<object>
		<name>ق</name>
		<pose>Unspecified</pose>
		<truncated>0</truncated>
		<difficult>0</difficult>
		<bndbox>
			<xmin>197</xmin>
			<ymin>111</ymin>
			<xmax>226</xmax>
			<ymax>162</ymax>
		</bndbox>
	</object>
	<object>
		<name>م</name>
		<pose>Unspecified</pose>
		<truncated>0</truncated>
		<difficult>0</difficult>
		<bndbox>
			<xmin>170</xmin>
			<ymin>118</ymin>
			<xmax>192</xmax>
			<ymax>162</ymax>
		</bndbox>
	</object>
	<object>
		<name>ر</name>
		<pose>Unspecified</pose>
		<truncated>0</truncated>
		<difficult>0</difficult>
		<bndbox>
			<xmin>138</xmin>
			<ymin>128</ymin>
			<xmax>168</xmax>
			<ymax>165</ymax>
		</bndbox>
	</object>
	<object>
		<name>4</name>
		<pose>Unspecified</pose>
		<truncated>0</truncated>
		<difficult>0</difficult>
		<bndbox>
			<xmin>91</xmin>
			<ymin>127</ymin>
			<xmax>120</xmax>
			<ymax>175</ymax>
		</bndbox>
	</object>
	<object>
		<name>1</name>
		<pose>Unspecified</pose>
		<truncated>0</truncated>
		<difficult>0</difficult>
		<bndbox>
			<xmin>65</xmin>
			<ymin>132</ymin>
			<xmax>89</xmax>
			<ymax>178</ymax>
		</bndbox>
	</object>
</annotation>
