<annotation>
	<folder>test_images</folder>
	<filename>00093.jpg</filename>
	<path>F:\mackathon\machathon-3\test_images\00093.jpg</path>
	<source>
		<database>Unknown</database>
	</source>
	<size>
		<width>252</width>
		<height>164</height>
		<depth>3</depth>
	</size>
	<segmented>0</segmented>
	<object>
		<name>س</name>
		<pose>Unspecified</pose>
		<truncated>0</truncated>
		<difficult>0</difficult>
		<bndbox>
			<xmin>204</xmin>
			<ymin>63</ymin>
			<xmax>237</xmax>
			<ymax>98</ymax>
		</bndbox>
	</object>
	<object>
		<name>ب</name>
		<pose>Unspecified</pose>
		<truncated>0</truncated>
		<difficult>0</difficult>
		<bndbox>
			<xmin>171</xmin>
			<ymin>68</ymin>
			<xmax>207</xmax>
			<ymax>110</ymax>
		</bndbox>
	</object>
	<object>
		<name>ع</name>
		<pose>Unspecified</pose>
		<truncated>0</truncated>
		<difficult>0</difficult>
		<bndbox>
			<xmin>137</xmin>
			<ymin>67</ymin>
			<xmax>170</xmax>
			<ymax>118</ymax>
		</bndbox>
	</object>
	<object>
		<name>3</name>
		<pose>Unspecified</pose>
		<truncated>0</truncated>
		<difficult>0</difficult>
		<bndbox>
			<xmin>99</xmin>
			<ymin>76</ymin>
			<xmax>132</xmax>
			<ymax>125</ymax>
		</bndbox>
	</object>
	<object>
		<name>3</name>
		<pose>Unspecified</pose>
		<truncated>0</truncated>
		<difficult>0</difficult>
		<bndbox>
			<xmin>73</xmin>
			<ymin>81</ymin>
			<xmax>99</xmax>
			<ymax>132</ymax>
		</bndbox>
	</object>
	<object>
		<name>3</name>
		<pose>Unspecified</pose>
		<truncated>0</truncated>
		<difficult>0</difficult>
		<bndbox>
			<xmin>47</xmin>
			<ymin>85</ymin>
			<xmax>76</xmax>
			<ymax>138</ymax>
		</bndbox>
	</object>
	<object>
		<name>3</name>
		<pose>Unspecified</pose>
		<truncated>0</truncated>
		<difficult>0</difficult>
		<bndbox>
			<xmin>20</xmin>
			<ymin>91</ymin>
			<xmax>49</xmax>
			<ymax>144</ymax>
		</bndbox>
	</object>
</annotation>
