<annotation>
	<folder>test_images</folder>
	<filename>00104.jpg</filename>
	<path>F:\mackathon\machathon-3\test_images\00104.jpg</path>
	<source>
		<database>Unknown</database>
	</source>
	<size>
		<width>492</width>
		<height>483</height>
		<depth>3</depth>
	</size>
	<segmented>0</segmented>
	<object>
		<name>د</name>
		<pose>Unspecified</pose>
		<truncated>0</truncated>
		<difficult>0</difficult>
		<bndbox>
			<xmin>406</xmin>
			<ymin>306</ymin>
			<xmax>462</xmax>
			<ymax>410</ymax>
		</bndbox>
	</object>
	<object>
		<name>ص</name>
		<pose>Unspecified</pose>
		<truncated>0</truncated>
		<difficult>0</difficult>
		<bndbox>
			<xmin>319</xmin>
			<ymin>289</ymin>
			<xmax>397</xmax>
			<ymax>386</ymax>
		</bndbox>
	</object>
	<object>
		<name>ق</name>
		<pose>Unspecified</pose>
		<truncated>0</truncated>
		<difficult>0</difficult>
		<bndbox>
			<xmin>246</xmin>
			<ymin>233</ymin>
			<xmax>324</xmax>
			<ymax>372</ymax>
		</bndbox>
	</object>
	<object>
		<name>4</name>
		<pose>Unspecified</pose>
		<truncated>0</truncated>
		<difficult>0</difficult>
		<bndbox>
			<xmin>175</xmin>
			<ymin>215</ymin>
			<xmax>241</xmax>
			<ymax>342</ymax>
		</bndbox>
	</object>
	<object>
		<name>8</name>
		<pose>Unspecified</pose>
		<truncated>0</truncated>
		<difficult>0</difficult>
		<bndbox>
			<xmin>118</xmin>
			<ymin>194</ymin>
			<xmax>189</xmax>
			<ymax>321</ymax>
		</bndbox>
	</object>
	<object>
		<name>9</name>
		<pose>Unspecified</pose>
		<truncated>0</truncated>
		<difficult>0</difficult>
		<bndbox>
			<xmin>62</xmin>
			<ymin>177</ymin>
			<xmax>131</xmax>
			<ymax>313</ymax>
		</bndbox>
	</object>
	<object>
		<name>1</name>
		<pose>Unspecified</pose>
		<truncated>0</truncated>
		<difficult>0</difficult>
		<bndbox>
			<xmin>15</xmin>
			<ymin>160</ymin>
			<xmax>70</xmax>
			<ymax>285</ymax>
		</bndbox>
	</object>
</annotation>
