<annotation>
	<folder>test_images</folder>
	<filename>00103.jpg</filename>
	<path>F:\mackathon\machathon-3\test_images\00103.jpg</path>
	<source>
		<database>Unknown</database>
	</source>
	<size>
		<width>348</width>
		<height>150</height>
		<depth>3</depth>
	</size>
	<segmented>0</segmented>
	<object>
		<name>ع</name>
		<pose>Unspecified</pose>
		<truncated>0</truncated>
		<difficult>0</difficult>
		<bndbox>
			<xmin>275</xmin>
			<ymin>70</ymin>
			<xmax>324</xmax>
			<ymax>136</ymax>
		</bndbox>
	</object>
	<object>
		<name>ي</name>
		<pose>Unspecified</pose>
		<truncated>0</truncated>
		<difficult>0</difficult>
		<bndbox>
			<xmin>221</xmin>
			<ymin>78</ymin>
			<xmax>274</xmax>
			<ymax>128</ymax>
		</bndbox>
	</object>
	<object>
		<name>د</name>
		<pose>Unspecified</pose>
		<truncated>0</truncated>
		<difficult>0</difficult>
		<bndbox>
			<xmin>186</xmin>
			<ymin>80</ymin>
			<xmax>218</xmax>
			<ymax>122</ymax>
		</bndbox>
	</object>
	<object>
		<name>1</name>
		<pose>Unspecified</pose>
		<truncated>0</truncated>
		<difficult>0</difficult>
		<bndbox>
			<xmin>82</xmin>
			<ymin>65</ymin>
			<xmax>115</xmax>
			<ymax>128</ymax>
		</bndbox>
	</object>
	<object>
		<name>1</name>
		<pose>Unspecified</pose>
		<truncated>0</truncated>
		<difficult>0</difficult>
		<bndbox>
			<xmin>113</xmin>
			<ymin>63</ymin>
			<xmax>142</xmax>
			<ymax>126</ymax>
		</bndbox>
	</object>
	<object>
		<name>1</name>
		<pose>Unspecified</pose>
		<truncated>0</truncated>
		<difficult>0</difficult>
		<bndbox>
			<xmin>39</xmin>
			<ymin>67</ymin>
			<xmax>72</xmax>
			<ymax>130</ymax>
		</bndbox>
	</object>
</annotation>
