<annotation>
	<folder>test_images</folder>
	<filename>00107.jpg</filename>
	<path>F:\mackathon\machathon-3\test_images\00107.jpg</path>
	<source>
		<database>Unknown</database>
	</source>
	<size>
		<width>121</width>
		<height>62</height>
		<depth>3</depth>
	</size>
	<segmented>0</segmented>
	<object>
		<name>و</name>
		<pose>Unspecified</pose>
		<truncated>0</truncated>
		<difficult>0</difficult>
		<bndbox>
			<xmin>93</xmin>
			<ymin>31</ymin>
			<xmax>110</xmax>
			<ymax>51</ymax>
		</bndbox>
	</object>
	<object>
		<name>ب</name>
		<pose>Unspecified</pose>
		<truncated>0</truncated>
		<difficult>0</difficult>
		<bndbox>
			<xmin>73</xmin>
			<ymin>31</ymin>
			<xmax>93</xmax>
			<ymax>53</ymax>
		</bndbox>
	</object>
	<object>
		<name>1</name>
		<pose>Unspecified</pose>
		<truncated>0</truncated>
		<difficult>0</difficult>
		<bndbox>
			<xmin>46</xmin>
			<ymin>26</ymin>
			<xmax>56</xmax>
			<ymax>52</ymax>
		</bndbox>
	</object>
	<object>
		<name>1</name>
		<pose>Unspecified</pose>
		<truncated>0</truncated>
		<difficult>0</difficult>
		<bndbox>
			<xmin>33</xmin>
			<ymin>28</ymin>
			<xmax>44</xmax>
			<ymax>56</ymax>
		</bndbox>
	</object>
	<object>
		<name>1</name>
		<pose>Unspecified</pose>
		<truncated>0</truncated>
		<difficult>0</difficult>
		<bndbox>
			<xmin>19</xmin>
			<ymin>26</ymin>
			<xmax>30</xmax>
			<ymax>56</ymax>
		</bndbox>
	</object>
	<object>
		<name>1</name>
		<pose>Unspecified</pose>
		<truncated>0</truncated>
		<difficult>0</difficult>
		<bndbox>
			<xmin>8</xmin>
			<ymin>29</ymin>
			<xmax>17</xmax>
			<ymax>55</ymax>
		</bndbox>
	</object>
</annotation>
