<annotation>
	<folder>test_images</folder>
	<filename>00119.jpg</filename>
	<path>F:\mackathon\machathon-3\test_images\00119.jpg</path>
	<source>
		<database>Unknown</database>
	</source>
	<size>
		<width>629</width>
		<height>335</height>
		<depth>3</depth>
	</size>
	<segmented>0</segmented>
	<object>
		<name>ل</name>
		<pose>Unspecified</pose>
		<truncated>0</truncated>
		<difficult>0</difficult>
		<bndbox>
			<xmin>501</xmin>
			<ymin>181</ymin>
			<xmax>578</xmax>
			<ymax>290</ymax>
		</bndbox>
	</object>
	<object>
		<name>ل</name>
		<pose>Unspecified</pose>
		<truncated>0</truncated>
		<difficult>0</difficult>
		<bndbox>
			<xmin>409</xmin>
			<ymin>178</ymin>
			<xmax>486</xmax>
			<ymax>287</ymax>
		</bndbox>
	</object>
	<object>
		<name>ل</name>
		<pose>Unspecified</pose>
		<truncated>0</truncated>
		<difficult>0</difficult>
		<bndbox>
			<xmin>313</xmin>
			<ymin>172</ymin>
			<xmax>390</xmax>
			<ymax>281</ymax>
		</bndbox>
	</object>
	<object>
		<name>7</name>
		<pose>Unspecified</pose>
		<truncated>0</truncated>
		<difficult>0</difficult>
		<bndbox>
			<xmin>218</xmin>
			<ymin>139</ymin>
			<xmax>284</xmax>
			<ymax>270</ymax>
		</bndbox>
	</object>
	<object>
		<name>7</name>
		<pose>Unspecified</pose>
		<truncated>0</truncated>
		<difficult>0</difficult>
		<bndbox>
			<xmin>144</xmin>
			<ymin>140</ymin>
			<xmax>210</xmax>
			<ymax>271</ymax>
		</bndbox>
	</object>
	<object>
		<name>7</name>
		<pose>Unspecified</pose>
		<truncated>0</truncated>
		<difficult>0</difficult>
		<bndbox>
			<xmin>79</xmin>
			<ymin>135</ymin>
			<xmax>145</xmax>
			<ymax>266</ymax>
		</bndbox>
	</object>
	<object>
		<name>7</name>
		<pose>Unspecified</pose>
		<truncated>0</truncated>
		<difficult>0</difficult>
		<bndbox>
			<xmin>15</xmin>
			<ymin>129</ymin>
			<xmax>81</xmax>
			<ymax>260</ymax>
		</bndbox>
	</object>
</annotation>
