<annotation>
	<folder>test_images</folder>
	<filename>00122.jpg</filename>
	<path>F:\mackathon\machathon-3\test_images\00122.jpg</path>
	<source>
		<database>Unknown</database>
	</source>
	<size>
		<width>145</width>
		<height>91</height>
		<depth>3</depth>
	</size>
	<segmented>0</segmented>
	<object>
		<name>ع</name>
		<pose>Unspecified</pose>
		<truncated>0</truncated>
		<difficult>0</difficult>
		<bndbox>
			<xmin>121</xmin>
			<ymin>42</ymin>
			<xmax>140</xmax>
			<ymax>80</ymax>
		</bndbox>
	</object>
	<object>
		<name>س</name>
		<pose>Unspecified</pose>
		<truncated>0</truncated>
		<difficult>0</difficult>
		<bndbox>
			<xmin>97</xmin>
			<ymin>51</ymin>
			<xmax>120</xmax>
			<ymax>74</ymax>
		</bndbox>
	</object>
	<object>
		<name>ل</name>
		<pose>Unspecified</pose>
		<truncated>0</truncated>
		<difficult>0</difficult>
		<bndbox>
			<xmin>79</xmin>
			<ymin>45</ymin>
			<xmax>97</xmax>
			<ymax>79</ymax>
		</bndbox>
	</object>
	<object>
		<name>4</name>
		<pose>Unspecified</pose>
		<truncated>0</truncated>
		<difficult>0</difficult>
		<bndbox>
			<xmin>58</xmin>
			<ymin>44</ymin>
			<xmax>72</xmax>
			<ymax>76</ymax>
		</bndbox>
	</object>
	<object>
		<name>4</name>
		<pose>Unspecified</pose>
		<truncated>0</truncated>
		<difficult>0</difficult>
		<bndbox>
			<xmin>40</xmin>
			<ymin>44</ymin>
			<xmax>54</xmax>
			<ymax>76</ymax>
		</bndbox>
	</object>
	<object>
		<name>4</name>
		<pose>Unspecified</pose>
		<truncated>0</truncated>
		<difficult>0</difficult>
		<bndbox>
			<xmin>26</xmin>
			<ymin>43</ymin>
			<xmax>40</xmax>
			<ymax>75</ymax>
		</bndbox>
	</object>
	<object>
		<name>4</name>
		<pose>Unspecified</pose>
		<truncated>0</truncated>
		<difficult>0</difficult>
		<bndbox>
			<xmin>12</xmin>
			<ymin>43</ymin>
			<xmax>26</xmax>
			<ymax>75</ymax>
		</bndbox>
	</object>
</annotation>
