<annotation>
	<folder>test_images</folder>
	<filename>00127.jpg</filename>
	<path>F:\mackathon\machathon-3\test_images\00127.jpg</path>
	<source>
		<database>Unknown</database>
	</source>
	<size>
		<width>439</width>
		<height>202</height>
		<depth>3</depth>
	</size>
	<segmented>0</segmented>
	<object>
		<name>م</name>
		<pose>Unspecified</pose>
		<truncated>0</truncated>
		<difficult>0</difficult>
		<bndbox>
			<xmin>345</xmin>
			<ymin>101</ymin>
			<xmax>394</xmax>
			<ymax>177</ymax>
		</bndbox>
	</object>
	<object>
		<name>م</name>
		<pose>Unspecified</pose>
		<truncated>0</truncated>
		<difficult>0</difficult>
		<bndbox>
			<xmin>285</xmin>
			<ymin>99</ymin>
			<xmax>334</xmax>
			<ymax>175</ymax>
		</bndbox>
	</object>
	<object>
		<name>م</name>
		<pose>Unspecified</pose>
		<truncated>0</truncated>
		<difficult>0</difficult>
		<bndbox>
			<xmin>225</xmin>
			<ymin>102</ymin>
			<xmax>274</xmax>
			<ymax>178</ymax>
		</bndbox>
	</object>
	<object>
		<name>2</name>
		<pose>Unspecified</pose>
		<truncated>0</truncated>
		<difficult>0</difficult>
		<bndbox>
			<xmin>141</xmin>
			<ymin>99</ymin>
			<xmax>186</xmax>
			<ymax>173</ymax>
		</bndbox>
	</object>
	<object>
		<name>2</name>
		<pose>Unspecified</pose>
		<truncated>0</truncated>
		<difficult>0</difficult>
		<bndbox>
			<xmin>93</xmin>
			<ymin>97</ymin>
			<xmax>138</xmax>
			<ymax>171</ymax>
		</bndbox>
	</object>
	<object>
		<name>2</name>
		<pose>Unspecified</pose>
		<truncated>0</truncated>
		<difficult>0</difficult>
		<bndbox>
			<xmin>45</xmin>
			<ymin>98</ymin>
			<xmax>90</xmax>
			<ymax>172</ymax>
		</bndbox>
	</object>
</annotation>
