<annotation>
	<folder>test_images</folder>
	<filename>00129.jpg</filename>
	<path>F:\mackathon\machathon-3\test_images\00129.jpg</path>
	<source>
		<database>Unknown</database>
	</source>
	<size>
		<width>333</width>
		<height>180</height>
		<depth>3</depth>
	</size>
	<segmented>0</segmented>
	<object>
		<name>5</name>
		<pose>Unspecified</pose>
		<truncated>0</truncated>
		<difficult>0</difficult>
		<bndbox>
			<xmin>89</xmin>
			<ymin>83</ymin>
			<xmax>133</xmax>
			<ymax>138</ymax>
		</bndbox>
	</object>
	<object>
		<name>ي</name>
		<pose>Unspecified</pose>
		<truncated>0</truncated>
		<difficult>0</difficult>
		<bndbox>
			<xmin>222</xmin>
			<ymin>57</ymin>
			<xmax>274</xmax>
			<ymax>108</ymax>
		</bndbox>
	</object>
</annotation>
