<annotation>
	<folder>test_images</folder>
	<filename>00125.jpg</filename>
	<path>F:\mackathon\machathon-3\test_images\00125.jpg</path>
	<source>
		<database>Unknown</database>
	</source>
	<size>
		<width>231</width>
		<height>160</height>
		<depth>3</depth>
	</size>
	<segmented>0</segmented>
	<object>
		<name>م</name>
		<pose>Unspecified</pose>
		<truncated>0</truncated>
		<difficult>0</difficult>
		<bndbox>
			<xmin>128</xmin>
			<ymin>108</ymin>
			<xmax>152</xmax>
			<ymax>140</ymax>
		</bndbox>
	</object>
	<object>
		<name>4</name>
		<pose>Unspecified</pose>
		<truncated>0</truncated>
		<difficult>0</difficult>
		<bndbox>
			<xmin>60</xmin>
			<ymin>109</ymin>
			<xmax>82</xmax>
			<ymax>142</ymax>
		</bndbox>
	</object>
</annotation>
