<annotation>
	<folder>test_images</folder>
	<filename>00135.jpg</filename>
	<path>F:\mackathon\machathon-3\test_images\00135.jpg</path>
	<source>
		<database>Unknown</database>
	</source>
	<size>
		<width>102</width>
		<height>80</height>
		<depth>3</depth>
	</size>
	<segmented>0</segmented>
	<object>
		<name>م</name>
		<pose>Unspecified</pose>
		<truncated>0</truncated>
		<difficult>0</difficult>
		<bndbox>
			<xmin>71</xmin>
			<ymin>42</ymin>
			<xmax>84</xmax>
			<ymax>76</ymax>
		</bndbox>
	</object>
	<object>
		<name>ا</name>
		<pose>Unspecified</pose>
		<truncated>0</truncated>
		<difficult>0</difficult>
		<bndbox>
			<xmin>56</xmin>
			<ymin>40</ymin>
			<xmax>69</xmax>
			<ymax>75</ymax>
		</bndbox>
	</object>
	<object>
		<name>1</name>
		<pose>Unspecified</pose>
		<truncated>0</truncated>
		<difficult>0</difficult>
		<bndbox>
			<xmin>20</xmin>
			<ymin>40</ymin>
			<xmax>35</xmax>
			<ymax>76</ymax>
		</bndbox>
	</object>
</annotation>
