<annotation>
	<folder>test_images</folder>
	<filename>00138.jpg</filename>
	<path>F:\mackathon\machathon-3\test_images\00138.jpg</path>
	<source>
		<database>Unknown</database>
	</source>
	<size>
		<width>172</width>
		<height>107</height>
		<depth>3</depth>
	</size>
	<segmented>0</segmented>
	<object>
		<name>د</name>
		<pose>Unspecified</pose>
		<truncated>0</truncated>
		<difficult>0</difficult>
		<bndbox>
			<xmin>141</xmin>
			<ymin>55</ymin>
			<xmax>162</xmax>
			<ymax>89</ymax>
		</bndbox>
	</object>
	<object>
		<name>ي</name>
		<pose>Unspecified</pose>
		<truncated>0</truncated>
		<difficult>0</difficult>
		<bndbox>
			<xmin>110</xmin>
			<ymin>58</ymin>
			<xmax>139</xmax>
			<ymax>93</ymax>
		</bndbox>
	</object>
	<object>
		<name>ب</name>
		<pose>Unspecified</pose>
		<truncated>0</truncated>
		<difficult>0</difficult>
		<bndbox>
			<xmin>84</xmin>
			<ymin>60</ymin>
			<xmax>108</xmax>
			<ymax>94</ymax>
		</bndbox>
	</object>
	<object>
		<name>5</name>
		<pose>Unspecified</pose>
		<truncated>0</truncated>
		<difficult>0</difficult>
		<bndbox>
			<xmin>46</xmin>
			<ymin>58</ymin>
			<xmax>69</xmax>
			<ymax>89</ymax>
		</bndbox>
	</object>
	<object>
		<name>5</name>
		<pose>Unspecified</pose>
		<truncated>0</truncated>
		<difficult>0</difficult>
		<bndbox>
			<xmin>8</xmin>
			<ymin>59</ymin>
			<xmax>31</xmax>
			<ymax>90</ymax>
		</bndbox>
	</object>
	<object>
		<name>1</name>
		<pose>Unspecified</pose>
		<truncated>0</truncated>
		<difficult>0</difficult>
		<bndbox>
			<xmin>32</xmin>
			<ymin>54</ymin>
			<xmax>43</xmax>
			<ymax>94</ymax>
		</bndbox>
	</object>
</annotation>
