<annotation>
	<folder>test_images</folder>
	<filename>00141.jpg</filename>
	<path>F:\mackathon\machathon-3\test_images\00141.jpg</path>
	<source>
		<database>Unknown</database>
	</source>
	<size>
		<width>237</width>
		<height>111</height>
		<depth>3</depth>
	</size>
	<segmented>0</segmented>
	<object>
		<name>س</name>
		<pose>Unspecified</pose>
		<truncated>0</truncated>
		<difficult>0</difficult>
		<bndbox>
			<xmin>181</xmin>
			<ymin>60</ymin>
			<xmax>212</xmax>
			<ymax>93</ymax>
		</bndbox>
	</object>
	<object>
		<name>و</name>
		<pose>Unspecified</pose>
		<truncated>0</truncated>
		<difficult>0</difficult>
		<bndbox>
			<xmin>151</xmin>
			<ymin>55</ymin>
			<xmax>178</xmax>
			<ymax>93</ymax>
		</bndbox>
	</object>
	<object>
		<name>د</name>
		<pose>Unspecified</pose>
		<truncated>0</truncated>
		<difficult>0</difficult>
		<bndbox>
			<xmin>121</xmin>
			<ymin>58</ymin>
			<xmax>145</xmax>
			<ymax>95</ymax>
		</bndbox>
	</object>
	<object>
		<name>1</name>
		<pose>Unspecified</pose>
		<truncated>0</truncated>
		<difficult>0</difficult>
		<bndbox>
			<xmin>74</xmin>
			<ymin>52</ymin>
			<xmax>93</xmax>
			<ymax>97</ymax>
		</bndbox>
	</object>
	<object>
		<name>1</name>
		<pose>Unspecified</pose>
		<truncated>0</truncated>
		<difficult>0</difficult>
		<bndbox>
			<xmin>49</xmin>
			<ymin>53</ymin>
			<xmax>68</xmax>
			<ymax>96</ymax>
		</bndbox>
	</object>
	<object>
		<name>1</name>
		<pose>Unspecified</pose>
		<truncated>0</truncated>
		<difficult>0</difficult>
		<bndbox>
			<xmin>25</xmin>
			<ymin>50</ymin>
			<xmax>44</xmax>
			<ymax>98</ymax>
		</bndbox>
	</object>
</annotation>
