<annotation>
	<folder>test_images</folder>
	<filename>00144.jpg</filename>
	<path>F:\mackathon\machathon-3\test_images\00144.jpg</path>
	<source>
		<database>Unknown</database>
	</source>
	<size>
		<width>364</width>
		<height>143</height>
		<depth>3</depth>
	</size>
	<segmented>0</segmented>
	<object>
		<name>و</name>
		<pose>Unspecified</pose>
		<truncated>0</truncated>
		<difficult>0</difficult>
		<bndbox>
			<xmin>238</xmin>
			<ymin>78</ymin>
			<xmax>279</xmax>
			<ymax>125</ymax>
		</bndbox>
	</object>
	<object>
		<name>ب</name>
		<pose>Unspecified</pose>
		<truncated>0</truncated>
		<difficult>0</difficult>
		<bndbox>
			<xmin>187</xmin>
			<ymin>77</ymin>
			<xmax>237</xmax>
			<ymax>125</ymax>
		</bndbox>
	</object>
	<object>
		<name>5</name>
		<pose>Unspecified</pose>
		<truncated>0</truncated>
		<difficult>0</difficult>
		<bndbox>
			<xmin>135</xmin>
			<ymin>66</ymin>
			<xmax>165</xmax>
			<ymax>112</ymax>
		</bndbox>
	</object>
	<object>
		<name>5</name>
		<pose>Unspecified</pose>
		<truncated>0</truncated>
		<difficult>0</difficult>
		<bndbox>
			<xmin>104</xmin>
			<ymin>61</ymin>
			<xmax>133</xmax>
			<ymax>105</ymax>
		</bndbox>
	</object>
	<object>
		<name>5</name>
		<pose>Unspecified</pose>
		<truncated>0</truncated>
		<difficult>0</difficult>
		<bndbox>
			<xmin>74</xmin>
			<ymin>59</ymin>
			<xmax>103</xmax>
			<ymax>103</ymax>
		</bndbox>
	</object>
	<object>
		<name>5</name>
		<pose>Unspecified</pose>
		<truncated>0</truncated>
		<difficult>0</difficult>
		<bndbox>
			<xmin>44</xmin>
			<ymin>53</ymin>
			<xmax>74</xmax>
			<ymax>99</ymax>
		</bndbox>
	</object>
</annotation>
