<annotation>
	<folder>test_images</folder>
	<filename>00154.jpg</filename>
	<path>F:\mackathon\machathon-3\test_images\00154.jpg</path>
	<source>
		<database>Unknown</database>
	</source>
	<size>
		<width>150</width>
		<height>76</height>
		<depth>3</depth>
	</size>
	<segmented>0</segmented>
	<object>
		<name>ع</name>
		<pose>Unspecified</pose>
		<truncated>0</truncated>
		<difficult>0</difficult>
		<bndbox>
			<xmin>108</xmin>
			<ymin>29</ymin>
			<xmax>137</xmax>
			<ymax>66</ymax>
		</bndbox>
	</object>
	<object>
		<name>ع</name>
		<pose>Unspecified</pose>
		<truncated>0</truncated>
		<difficult>0</difficult>
		<bndbox>
			<xmin>86</xmin>
			<ymin>31</ymin>
			<xmax>115</xmax>
			<ymax>68</ymax>
		</bndbox>
	</object>
	<object>
		<name>1</name>
		<pose>Unspecified</pose>
		<truncated>0</truncated>
		<difficult>0</difficult>
		<bndbox>
			<xmin>58</xmin>
			<ymin>33</ymin>
			<xmax>73</xmax>
			<ymax>69</ymax>
		</bndbox>
	</object>
	<object>
		<name>1</name>
		<pose>Unspecified</pose>
		<truncated>0</truncated>
		<difficult>0</difficult>
		<bndbox>
			<xmin>41</xmin>
			<ymin>35</ymin>
			<xmax>56</xmax>
			<ymax>71</ymax>
		</bndbox>
	</object>
	<object>
		<name>1</name>
		<pose>Unspecified</pose>
		<truncated>0</truncated>
		<difficult>0</difficult>
		<bndbox>
			<xmin>25</xmin>
			<ymin>36</ymin>
			<xmax>40</xmax>
			<ymax>72</ymax>
		</bndbox>
	</object>
	<object>
		<name>1</name>
		<pose>Unspecified</pose>
		<truncated>0</truncated>
		<difficult>0</difficult>
		<bndbox>
			<xmin>11</xmin>
			<ymin>37</ymin>
			<xmax>26</xmax>
			<ymax>73</ymax>
		</bndbox>
	</object>
</annotation>
