<annotation>
	<folder>test_images</folder>
	<filename>00157.jpg</filename>
	<path>F:\mackathon\machathon-3\test_images\00157.jpg</path>
	<source>
		<database>Unknown</database>
	</source>
	<size>
		<width>672</width>
		<height>446</height>
		<depth>3</depth>
	</size>
	<segmented>0</segmented>
	<object>
		<name>ر</name>
		<pose>Unspecified</pose>
		<truncated>0</truncated>
		<difficult>0</difficult>
		<bndbox>
			<xmin>522</xmin>
			<ymin>195</ymin>
			<xmax>574</xmax>
			<ymax>301</ymax>
		</bndbox>
	</object>
	<object>
		<name>ن</name>
		<pose>Unspecified</pose>
		<truncated>0</truncated>
		<difficult>0</difficult>
		<bndbox>
			<xmin>453</xmin>
			<ymin>201</ymin>
			<xmax>523</xmax>
			<ymax>324</ymax>
		</bndbox>
	</object>
	<object>
		<name>ا</name>
		<pose>Unspecified</pose>
		<truncated>0</truncated>
		<difficult>0</difficult>
		<bndbox>
			<xmin>400</xmin>
			<ymin>196</ymin>
			<xmax>450</xmax>
			<ymax>341</ymax>
		</bndbox>
	</object>
	<object>
		<name>3</name>
		<pose>Unspecified</pose>
		<truncated>0</truncated>
		<difficult>0</difficult>
		<bndbox>
			<xmin>327</xmin>
			<ymin>211</ymin>
			<xmax>391</xmax>
			<ymax>365</ymax>
		</bndbox>
	</object>
	<object>
		<name>3</name>
		<pose>Unspecified</pose>
		<truncated>0</truncated>
		<difficult>0</difficult>
		<bndbox>
			<xmin>269</xmin>
			<ymin>222</ymin>
			<xmax>328</xmax>
			<ymax>381</ymax>
		</bndbox>
	</object>
	<object>
		<name>3</name>
		<pose>Unspecified</pose>
		<truncated>0</truncated>
		<difficult>0</difficult>
		<bndbox>
			<xmin>212</xmin>
			<ymin>227</ymin>
			<xmax>278</xmax>
			<ymax>392</ymax>
		</bndbox>
	</object>
	<object>
		<name>3</name>
		<pose>Unspecified</pose>
		<truncated>0</truncated>
		<difficult>0</difficult>
		<bndbox>
			<xmin>154</xmin>
			<ymin>238</ymin>
			<xmax>214</xmax>
			<ymax>406</ymax>
		</bndbox>
	</object>
</annotation>
