<annotation>
	<folder>test_images</folder>
	<filename>00168.jpg</filename>
	<path>F:\mackathon\machathon-3\test_images\00168.jpg</path>
	<source>
		<database>Unknown</database>
	</source>
	<size>
		<width>211</width>
		<height>120</height>
		<depth>3</depth>
	</size>
	<segmented>0</segmented>
	<object>
		<name>ع</name>
		<pose>Unspecified</pose>
		<truncated>1</truncated>
		<difficult>0</difficult>
		<bndbox>
			<xmin>182</xmin>
			<ymin>63</ymin>
			<xmax>211</xmax>
			<ymax>114</ymax>
		</bndbox>
	</object>
	<object>
		<name>م</name>
		<pose>Unspecified</pose>
		<truncated>0</truncated>
		<difficult>0</difficult>
		<bndbox>
			<xmin>151</xmin>
			<ymin>64</ymin>
			<xmax>172</xmax>
			<ymax>113</ymax>
		</bndbox>
	</object>
	<object>
		<name>ر</name>
		<pose>Unspecified</pose>
		<truncated>0</truncated>
		<difficult>0</difficult>
		<bndbox>
			<xmin>117</xmin>
			<ymin>70</ymin>
			<xmax>143</xmax>
			<ymax>110</ymax>
		</bndbox>
	</object>
	<object>
		<name>6</name>
		<pose>Unspecified</pose>
		<truncated>0</truncated>
		<difficult>0</difficult>
		<bndbox>
			<xmin>36</xmin>
			<ymin>58</ymin>
			<xmax>83</xmax>
			<ymax>107</ymax>
		</bndbox>
	</object>
</annotation>
