<annotation>
	<folder>test_images</folder>
	<filename>00166.jpg</filename>
	<path>F:\mackathon\machathon-3\test_images\00166.jpg</path>
	<source>
		<database>Unknown</database>
	</source>
	<size>
		<width>111</width>
		<height>60</height>
		<depth>3</depth>
	</size>
	<segmented>0</segmented>
	<object>
		<name>1</name>
		<pose>Unspecified</pose>
		<truncated>0</truncated>
		<difficult>0</difficult>
		<bndbox>
			<xmin>74</xmin>
			<ymin>29</ymin>
			<xmax>88</xmax>
			<ymax>53</ymax>
		</bndbox>
	</object>
	<object>
		<name>9</name>
		<pose>Unspecified</pose>
		<truncated>0</truncated>
		<difficult>0</difficult>
		<bndbox>
			<xmin>22</xmin>
			<ymin>27</ymin>
			<xmax>42</xmax>
			<ymax>51</ymax>
		</bndbox>
	</object>
</annotation>
