<annotation>
	<folder>test_images</folder>
	<filename>00178.jpg</filename>
	<path>F:\mackathon\machathon-3\test_images\00178.jpg</path>
	<source>
		<database>Unknown</database>
	</source>
	<size>
		<width>303</width>
		<height>200</height>
		<depth>3</depth>
	</size>
	<segmented>0</segmented>
	<object>
		<name>ل</name>
		<pose>Unspecified</pose>
		<truncated>0</truncated>
		<difficult>0</difficult>
		<bndbox>
			<xmin>244</xmin>
			<ymin>105</ymin>
			<xmax>282</xmax>
			<ymax>181</ymax>
		</bndbox>
	</object>
	<object>
		<name>و</name>
		<pose>Unspecified</pose>
		<truncated>0</truncated>
		<difficult>0</difficult>
		<bndbox>
			<xmin>196</xmin>
			<ymin>110</ymin>
			<xmax>235</xmax>
			<ymax>165</ymax>
		</bndbox>
	</object>
	<object>
		<name>ا</name>
		<pose>Unspecified</pose>
		<truncated>0</truncated>
		<difficult>0</difficult>
		<bndbox>
			<xmin>156</xmin>
			<ymin>96</ymin>
			<xmax>180</xmax>
			<ymax>165</ymax>
		</bndbox>
	</object>
	<object>
		<name>1</name>
		<pose>Unspecified</pose>
		<truncated>0</truncated>
		<difficult>0</difficult>
		<bndbox>
			<xmin>110</xmin>
			<ymin>88</ymin>
			<xmax>131</xmax>
			<ymax>163</ymax>
		</bndbox>
	</object>
	<object>
		<name>1</name>
		<pose>Unspecified</pose>
		<truncated>0</truncated>
		<difficult>0</difficult>
		<bndbox>
			<xmin>73</xmin>
			<ymin>85</ymin>
			<xmax>94</xmax>
			<ymax>160</ymax>
		</bndbox>
	</object>
	<object>
		<name>1</name>
		<pose>Unspecified</pose>
		<truncated>0</truncated>
		<difficult>0</difficult>
		<bndbox>
			<xmin>46</xmin>
			<ymin>80</ymin>
			<xmax>67</xmax>
			<ymax>155</ymax>
		</bndbox>
	</object>
	<object>
		<name>1</name>
		<pose>Unspecified</pose>
		<truncated>0</truncated>
		<difficult>0</difficult>
		<bndbox>
			<xmin>14</xmin>
			<ymin>77</ymin>
			<xmax>35</xmax>
			<ymax>152</ymax>
		</bndbox>
	</object>
</annotation>
