<annotation>
	<folder>test_images</folder>
	<filename>00188.jpg</filename>
	<path>F:\mackathon\machathon-3\test_images\00188.jpg</path>
	<source>
		<database>Unknown</database>
	</source>
	<size>
		<width>160</width>
		<height>122</height>
		<depth>3</depth>
	</size>
	<segmented>0</segmented>
	<object>
		<name>ف</name>
		<pose>Unspecified</pose>
		<truncated>0</truncated>
		<difficult>0</difficult>
		<bndbox>
			<xmin>117</xmin>
			<ymin>45</ymin>
			<xmax>142</xmax>
			<ymax>72</ymax>
		</bndbox>
	</object>
	<object>
		<name>ا</name>
		<pose>Unspecified</pose>
		<truncated>0</truncated>
		<difficult>0</difficult>
		<bndbox>
			<xmin>100</xmin>
			<ymin>51</ymin>
			<xmax>117</xmax>
			<ymax>82</ymax>
		</bndbox>
	</object>
	<object>
		<name>1</name>
		<pose>Unspecified</pose>
		<truncated>0</truncated>
		<difficult>0</difficult>
		<bndbox>
			<xmin>67</xmin>
			<ymin>61</ymin>
			<xmax>82</xmax>
			<ymax>88</ymax>
		</bndbox>
	</object>
	<object>
		<name>1</name>
		<pose>Unspecified</pose>
		<truncated>0</truncated>
		<difficult>0</difficult>
		<bndbox>
			<xmin>50</xmin>
			<ymin>65</ymin>
			<xmax>65</xmax>
			<ymax>92</ymax>
		</bndbox>
	</object>
	<object>
		<name>1</name>
		<pose>Unspecified</pose>
		<truncated>0</truncated>
		<difficult>0</difficult>
		<bndbox>
			<xmin>33</xmin>
			<ymin>67</ymin>
			<xmax>48</xmax>
			<ymax>94</ymax>
		</bndbox>
	</object>
	<object>
		<name>1</name>
		<pose>Unspecified</pose>
		<truncated>0</truncated>
		<difficult>0</difficult>
		<bndbox>
			<xmin>17</xmin>
			<ymin>72</ymin>
			<xmax>32</xmax>
			<ymax>99</ymax>
		</bndbox>
	</object>
</annotation>
