<annotation>
	<folder>test_images</folder>
	<filename>00186.jpg</filename>
	<path>F:\mackathon\machathon-3\test_images\00186.jpg</path>
	<source>
		<database>Unknown</database>
	</source>
	<size>
		<width>171</width>
		<height>77</height>
		<depth>3</depth>
	</size>
	<segmented>0</segmented>
	<object>
		<name>ا</name>
		<pose>Unspecified</pose>
		<truncated>0</truncated>
		<difficult>0</difficult>
		<bndbox>
			<xmin>141</xmin>
			<ymin>33</ymin>
			<xmax>155</xmax>
			<ymax>67</ymax>
		</bndbox>
	</object>
	<object>
		<name>ن</name>
		<pose>Unspecified</pose>
		<truncated>0</truncated>
		<difficult>0</difficult>
		<bndbox>
			<xmin>110</xmin>
			<ymin>36</ymin>
			<xmax>137</xmax>
			<ymax>67</ymax>
		</bndbox>
	</object>
	<object>
		<name>ف</name>
		<pose>Unspecified</pose>
		<truncated>0</truncated>
		<difficult>0</difficult>
		<bndbox>
			<xmin>86</xmin>
			<ymin>35</ymin>
			<xmax>110</xmax>
			<ymax>65</ymax>
		</bndbox>
	</object>
	<object>
		<name>5</name>
		<pose>Unspecified</pose>
		<truncated>0</truncated>
		<difficult>0</difficult>
		<bndbox>
			<xmin>60</xmin>
			<ymin>38</ymin>
			<xmax>77</xmax>
			<ymax>65</ymax>
		</bndbox>
	</object>
	<object>
		<name>5</name>
		<pose>Unspecified</pose>
		<truncated>0</truncated>
		<difficult>0</difficult>
		<bndbox>
			<xmin>37</xmin>
			<ymin>39</ymin>
			<xmax>54</xmax>
			<ymax>64</ymax>
		</bndbox>
	</object>
	<object>
		<name>5</name>
		<pose>Unspecified</pose>
		<truncated>0</truncated>
		<difficult>0</difficult>
		<bndbox>
			<xmin>8</xmin>
			<ymin>37</ymin>
			<xmax>30</xmax>
			<ymax>66</ymax>
		</bndbox>
	</object>
</annotation>
