<annotation>
	<folder>test_images</folder>
	<filename>00195.jpg</filename>
	<path>F:\mackathon\machathon-3\test_images\00195.jpg</path>
	<source>
		<database>Unknown</database>
	</source>
	<size>
		<width>363</width>
		<height>326</height>
		<depth>3</depth>
	</size>
	<segmented>0</segmented>
	<object>
		<name>س</name>
		<pose>Unspecified</pose>
		<truncated>0</truncated>
		<difficult>0</difficult>
		<bndbox>
			<xmin>199</xmin>
			<ymin>159</ymin>
			<xmax>270</xmax>
			<ymax>258</ymax>
		</bndbox>
	</object>
	<object>
		<name>5</name>
		<pose>Unspecified</pose>
		<truncated>0</truncated>
		<difficult>0</difficult>
		<bndbox>
			<xmin>95</xmin>
			<ymin>158</ymin>
			<xmax>139</xmax>
			<ymax>250</ymax>
		</bndbox>
	</object>
	<object>
		<name>5</name>
		<pose>Unspecified</pose>
		<truncated>0</truncated>
		<difficult>0</difficult>
		<bndbox>
			<xmin>54</xmin>
			<ymin>160</ymin>
			<xmax>98</xmax>
			<ymax>252</ymax>
		</bndbox>
	</object>
</annotation>
