<annotation>
	<folder>test_images</folder>
	<filename>00193.jpg</filename>
	<path>F:\mackathon\machathon-3\test_images\00193.jpg</path>
	<source>
		<database>Unknown</database>
	</source>
	<size>
		<width>314</width>
		<height>217</height>
		<depth>3</depth>
	</size>
	<segmented>0</segmented>
	<object>
		<name>ه</name>
		<pose>Unspecified</pose>
		<truncated>0</truncated>
		<difficult>0</difficult>
		<bndbox>
			<xmin>205</xmin>
			<ymin>73</ymin>
			<xmax>231</xmax>
			<ymax>103</ymax>
		</bndbox>
	</object>
	<object>
		<name>ر</name>
		<pose>Unspecified</pose>
		<truncated>0</truncated>
		<difficult>0</difficult>
		<bndbox>
			<xmin>179</xmin>
			<ymin>76</ymin>
			<xmax>202</xmax>
			<ymax>109</ymax>
		</bndbox>
	</object>
	<object>
		<name>م</name>
		<pose>Unspecified</pose>
		<truncated>0</truncated>
		<difficult>0</difficult>
		<bndbox>
			<xmin>151</xmin>
			<ymin>81</ymin>
			<xmax>174</xmax>
			<ymax>119</ymax>
		</bndbox>
	</object>
	<object>
		<name>1</name>
		<pose>Unspecified</pose>
		<truncated>0</truncated>
		<difficult>0</difficult>
		<bndbox>
			<xmin>92</xmin>
			<ymin>95</ymin>
			<xmax>118</xmax>
			<ymax>129</ymax>
		</bndbox>
	</object>
</annotation>
