<annotation>
	<folder>test_images</folder>
	<filename>00198.jpg</filename>
	<path>F:\mackathon\machathon-3\test_images\00198.jpg</path>
	<source>
		<database>Unknown</database>
	</source>
	<size>
		<width>251</width>
		<height>115</height>
		<depth>3</depth>
	</size>
	<segmented>0</segmented>
	<object>
		<name>م</name>
		<pose>Unspecified</pose>
		<truncated>0</truncated>
		<difficult>0</difficult>
		<bndbox>
			<xmin>215</xmin>
			<ymin>51</ymin>
			<xmax>243</xmax>
			<ymax>105</ymax>
		</bndbox>
	</object>
	<object>
		<name>س</name>
		<pose>Unspecified</pose>
		<truncated>0</truncated>
		<difficult>0</difficult>
		<bndbox>
			<xmin>171</xmin>
			<ymin>56</ymin>
			<xmax>211</xmax>
			<ymax>102</ymax>
		</bndbox>
	</object>
	<object>
		<name>ف</name>
		<pose>Unspecified</pose>
		<truncated>0</truncated>
		<difficult>0</difficult>
		<bndbox>
			<xmin>132</xmin>
			<ymin>53</ymin>
			<xmax>171</xmax>
			<ymax>103</ymax>
		</bndbox>
	</object>
	<object>
		<name>1</name>
		<pose>Unspecified</pose>
		<truncated>0</truncated>
		<difficult>0</difficult>
		<bndbox>
			<xmin>50</xmin>
			<ymin>50</ymin>
			<xmax>80</xmax>
			<ymax>107</ymax>
		</bndbox>
	</object>
</annotation>
