<annotation>
	<folder>test_images</folder>
	<filename>00194.jpg</filename>
	<path>F:\mackathon\machathon-3\test_images\00194.jpg</path>
	<source>
		<database>Unknown</database>
	</source>
	<size>
		<width>186</width>
		<height>117</height>
		<depth>3</depth>
	</size>
	<segmented>0</segmented>
	<object>
		<name>ع</name>
		<pose>Unspecified</pose>
		<truncated>0</truncated>
		<difficult>0</difficult>
		<bndbox>
			<xmin>152</xmin>
			<ymin>46</ymin>
			<xmax>180</xmax>
			<ymax>91</ymax>
		</bndbox>
	</object>
	<object>
		<name>ع</name>
		<pose>Unspecified</pose>
		<truncated>0</truncated>
		<difficult>0</difficult>
		<bndbox>
			<xmin>121</xmin>
			<ymin>48</ymin>
			<xmax>153</xmax>
			<ymax>91</ymax>
		</bndbox>
	</object>
	<object>
		<name>ع</name>
		<pose>Unspecified</pose>
		<truncated>0</truncated>
		<difficult>0</difficult>
		<bndbox>
			<xmin>94</xmin>
			<ymin>47</ymin>
			<xmax>123</xmax>
			<ymax>93</ymax>
		</bndbox>
	</object>
	<object>
		<name>1</name>
		<pose>Unspecified</pose>
		<truncated>0</truncated>
		<difficult>0</difficult>
		<bndbox>
			<xmin>44</xmin>
			<ymin>47</ymin>
			<xmax>62</xmax>
			<ymax>92</ymax>
		</bndbox>
	</object>
	<object>
		<name>1</name>
		<pose>Unspecified</pose>
		<truncated>0</truncated>
		<difficult>0</difficult>
		<bndbox>
			<xmin>24</xmin>
			<ymin>49</ymin>
			<xmax>41</xmax>
			<ymax>94</ymax>
		</bndbox>
	</object>
</annotation>
